url,comment,language,label
https://github.com/4teamwork/opengever.core/blob/d9cca2db87a4e53861ba85dbd786fce6ab84cf28/opengever/dossier/browser/report.py#L100-L101,"XXX: Also make pseudo-relative paths work
 (as sent by the new gever-ui)",Python,SATD
https://github.com/4teamwork/opengever.core/blob/7905ca4b516b59baba1d7046c0d6b675017ce1ef/opengever/document/tests/test_indexers.py#L547,"Relations do not get deleted, only broken",Python,SATD
https://github.com/adorsys/xs2a/blob/93fcd1379c9dda0c6a2467d20c66658db5c9874b/.gitlab-ci.yml#L151-L152,"# Commit message regex
#[0-9]+\ .+ || $commit_msg =~ ^(feat|fix|docs|doc|style|refactor|perf|test|chore|upgrade|ci|scan|release):\ [a-zA-Z0-9_-]{3}#[0-9]+\ .+ ]]; then",YAML,SATD
https://github.com/bcgov/jag-file-submission/blob/e94959853c6d9a4468bad961b27a8748288f97ae/.github/workflows/code-climate-coverage-aggregation.yml#L167,# TODO REMOVE AFTER SFTP IS IN MAVEN CENTRAL,YAML,SATD
https://github.com/bcgov/jag-file-submission/blob/bd56295a2085f5d0f69151f3b856d569439d6bbb/.github/workflows/code-climate-coverage-aggregation.yml#L99,# TODO REMOVE AFTER SFTP IS IN MAVEN CENTRAL,YAML,SATD
https://github.com/bugsnag/bugsnag-js/blob/941f31bb559575150b3ed6b940776c2c59a2a1a6/.buildkite/basic/react-native-android-full-pipeline.yml#L311-L313,"# current latest version (v7.40.1) of react-native-navigation's autolinking tool doesn't support RN 0.73+,
# causing a build failure - see https://github.com/wix/react-native-navigation/issues/7821
# TODO: Investigate and try to re-enable when we add tests for more recent React Native versions",YAML,SATD
https://github.com/bugsnag/bugsnag-js/blob/941f31bb559575150b3ed6b940776c2c59a2a1a6/.buildkite/basic/react-native-ios-full-pipeline.yml#L130-L155,"# Skipped due to build failures with react-native-navigation when new arch is enabled
# TODO: Investigate and try to re-enable when we add tests for more recent React Native versions
# - label: ':mac: Build react-native-navigation {{matrix}} test fixture ipa (New Arch)'
#   key: ""build-react-native-navigation-ios-fixture-new-arch""
#   timeout_in_minutes: 30
#   agents:
#     queue: ""macos-15""
#   env:
#     NODE_VERSION: ""18""
#     RN_VERSION: ""{{matrix}}""
#     RCT_NEW_ARCH_ENABLED: ""1""
#     BUILD_IOS: ""true""
#     XCODE_VERSION: ""15.3.0""
#     REACT_NATIVE_NAVIGATION: ""true""
#   artifact_paths:
#     - ""test/react-native/features/fixtures/generated/react-native-navigation/new-arch/**/output/reactnative.ipa""
#   commands:
#     - ""bundle install""
#     - ""node scripts/generate-react-native-fixture.js""
#   matrix:
#     - ""0.71""
#     - ""0.72""
#   retry:
#     automatic:
#       - exit_status: ""*""
#         limit: 1",YAML,SATD
https://github.com/bugsnag/bugsnag-js/blob/941f31bb559575150b3ed6b940776c2c59a2a1a6/.buildkite/basic/react-native-ios-full-pipeline.yml#L314-L316,"# current latest version (v7.40.1) of react-native-navigation's autolinking tool doesn't currently support RN 0.73+,
# causing a build failure - see https://github.com/wix/react-native-navigation/issues/7821
# TODO: Investigate and try to re-enable when we add tests for more recent React Native versions",YAML,SATD
https://github.com/bugsnag/bugsnag-js/blob/941f31bb559575150b3ed6b940776c2c59a2a1a6/.buildkite/basic/react-native-ios-full-pipeline.yml#L358-L396,"# Skipped due to build failures with react-native-navigation when new arch is enabled
# TODO: Investigate and try to re-enable when we add tests for more recent React Native versions
# - label: "":bitbar: :mac: react-native-navigation {{matrix}} iOS (New Arch) end-to-end tests""
#   depends_on: ""build-react-native-navigation-ios-fixture-new-arch""
#   timeout_in_minutes: 60
#   plugins:
#     artifacts#v1.9.0:
#       download: ""test/react-native/features/fixtures/generated/react-native-navigation/new-arch/{{matrix}}/output/reactnative.ipa""
#       upload: ./test/react-native/maze_output/**/*
#     docker-compose#v4.12.0:
#       pull: react-native-maze-runner
#       run: react-native-maze-runner
#       service-ports: true
#       command:
#         - --app=/app/features/fixtures/generated/react-native-navigation/new-arch/{{matrix}}/output/reactnative.ipa
#         - --farm=bb
#         - --device=IOS_15
#         - --fail-fast
#         - --no-tunnel
#         - --aws-public-ip
#         - features/react-native-navigation.feature
#     test-collector#v1.10.2:
#       files: ""reports/TEST-*.xml""
#       format: ""junit""
#       branch: ""^main|next$$""
#       api-token-env-name: ""REACT_NATIVE_BUILDKITE_ANALYTICS_TOKEN""
#   env:
#     RCT_NEW_ARCH_ENABLED: ""1""
#     RN_VERSION: ""{{matrix}}""
#     REACT_NATIVE_NAVIGATION: ""true""
#   retry:
#     manual:
#       permit_on_passed: true
#   concurrency: 25
#   concurrency_group: ""bitbar""
#   concurrency_method: eager
#   matrix:
#     - ""0.71""
#     - ""0.72""",YAML,SATD
https://github.com/bugsnag/bugsnag-js/blob/f37cf6c556b3bf9af6dca9503725f1fb20461f45/.github/workflows/codeql.yml#L37,# TODO: Removed all native code scanning for now (cpp & java),YAML,SATD
https://github.com/bugsnag/bugsnag-js/blob/ce7bdb29282eac0462f61de65314b4d031117dd3/.github/workflows/codeql.yml#L37,# TODO: Removed all native code scanning for now (cpp & java),YAML,SATD
https://github.com/bugsnag/bugsnag-js/blob/7179febf4e286186a70025aa091119c06d7f7356/.github/workflows/codeql.yml#L37,# TODO: Removed all native code scanning for now (cpp & java),YAML,SATD
https://github.com/comic/grand-challenge.org/blob/9f88a1d1b3612493e6e769aa288a57126aeb226e/app/config/settings.py#L1471,TODO fix inline styles,Python,SATD
https://github.com/comic/grand-challenge.org/blob/dba3e33e19fcd4b67ac1f26b7b58db88f0d6662b/app/grandchallenge/components/tasks.py#L17,noqa: I251 TODO needs to be refactored,Python,SATD
https://github.com/comic/grand-challenge.org/blob/dba3e33e19fcd4b67ac1f26b7b58db88f0d6662b/app/grandchallenge/components/tasks.py#L624,TODO Methods are currently allowed to be duplicated,Python,SATD
https://github.com/comic/grand-challenge.org/blob/dba3e33e19fcd4b67ac1f26b7b58db88f0d6662b/app/grandchallenge/components/tasks.py#L826,"TODO matching on this error message is used, perhaps it should be cancelled instead, see #4119",Python,SATD
https://github.com/comic/grand-challenge.org/blob/354b75be226080e1565c733a9a6787d31e885dc6/app/config/settings.py#L1475,TODO fix inline styles,Python,SATD
https://github.com/comic/grand-challenge.org/blob/797f0379822fc81b2e88d7ea328e6f9dcf4ac919/app/grandchallenge/reader_studies/models.py#L1882,TODO do this for all UUID models,Python,SATD
https://github.com/comic/grand-challenge.org/blob/797f0379822fc81b2e88d7ea328e6f9dcf4ac919/app/grandchallenge/reader_studies/models.py#L1918,TODO this should be a model clean method,Python,SATD
https://github.com/comic/grand-challenge.org/blob/defa0c5b2a91520e8554ab604d1b515f4d8a987d/app/grandchallenge/components/tasks.py#L17,noqa: I251 TODO needs to be refactored,Python,SATD
https://github.com/comic/grand-challenge.org/blob/defa0c5b2a91520e8554ab604d1b515f4d8a987d/app/grandchallenge/components/tasks.py#L624,TODO Methods are currently allowed to be duplicated,Python,SATD
https://github.com/comic/grand-challenge.org/blob/defa0c5b2a91520e8554ab604d1b515f4d8a987d/app/grandchallenge/components/tasks.py#L850,"TODO matching on this error message is used, perhaps it should be cancelled instead, see #4119",Python,SATD
https://github.com/comic/grand-challenge.org/blob/1aa7cdcd1e590cb6061a65489bc8a0f64b16e823/app/grandchallenge/reader_studies/views.py#L372-L373,"TODO: this view also contains the ground truth answer values.
 If the permission is changed to 'read', we need to filter these values out.",Python,SATD
https://github.com/comic/grand-challenge.org/blob/1aa7cdcd1e590cb6061a65489bc8a0f64b16e823/app/grandchallenge/reader_studies/views.py#L698,TODO this should be set in the form,Python,SATD
https://github.com/comic/grand-challenge.org/blob/345eaa77986bd7c23f1e28cd012deba8060afe73/app/grandchallenge/components/tasks.py#L17,noqa: I251 TODO needs to be refactored,Python,SATD
https://github.com/comic/grand-challenge.org/blob/345eaa77986bd7c23f1e28cd012deba8060afe73/app/grandchallenge/components/tasks.py#L625,TODO Methods are currently allowed to be duplicated,Python,SATD
https://github.com/comic/grand-challenge.org/blob/345eaa77986bd7c23f1e28cd012deba8060afe73/app/grandchallenge/components/tasks.py#L814,"TODO matching on this error message is used, perhaps it should be cancelled instead, see #4119",Python,SATD
https://github.com/comic/grand-challenge.org/blob/ec4660b0a71c7d003769b697899d37785afebdd5/app/tests/uploads_tests/js/file_preprocessors.test.js#L232,Check inconsistency with a different original UID,JavaScript,SATD
https://github.com/comic/grand-challenge.org/blob/7ef763aee4b2eabb0e090290036c2a6bfb5f371f/app/grandchallenge/reader_studies/models.py#L1882,TODO do this for all UUID models,Python,SATD
https://github.com/comic/grand-challenge.org/blob/7ef763aee4b2eabb0e090290036c2a6bfb5f371f/app/grandchallenge/reader_studies/models.py#L1918,TODO this should be a model clean method,Python,SATD
https://github.com/comic/grand-challenge.org/blob/7ef763aee4b2eabb0e090290036c2a6bfb5f371f/app/tests/algorithms_tests/test_api.py#L262,"TODO test this for existing files, this is not implemented yet",Python,SATD
https://github.com/comic/grand-challenge.org/blob/7ef763aee4b2eabb0e090290036c2a6bfb5f371f/app/tests/components_tests/test_partial_templates.py#L80,Broken / fallback,Python,SATD
https://github.com/comic/grand-challenge.org/blob/7ef763aee4b2eabb0e090290036c2a6bfb5f371f/app/tests/components_tests/test_partial_templates.py#L118,Intentionally broken,Python,SATD
https://github.com/comic/grand-challenge.org/blob/7ef763aee4b2eabb0e090290036c2a6bfb5f371f/scripts/component_interface_value_fixtures.py#L192,Broken: has no image,Python,SATD
https://github.com/comic/grand-challenge.org/blob/a77f6b3247b9fb22d04e0d7951c507710c21f627/app/grandchallenge/reader_studies/models.py#L1882,TODO do this for all UUID models,Python,SATD
https://github.com/comic/grand-challenge.org/blob/a77f6b3247b9fb22d04e0d7951c507710c21f627/app/grandchallenge/reader_studies/models.py#L1918,TODO this should be a model clean method,Python,SATD
https://github.com/comic/grand-challenge.org/blob/34d95ef3088ede357774814327d1796e8d0bf3c9/app/config/settings.py#L1490,TODO fix inline styles,Python,SATD
https://github.com/comic/grand-challenge.org/blob/34d95ef3088ede357774814327d1796e8d0bf3c9/pyproject.toml#L114,"# TODO: Enable this, would otherwise be a big change",Unknown,SATD
https://github.com/comic/grand-challenge.org/blob/6537ced2d2028e73f4627b113416c4f072ac350d/app/grandchallenge/reader_studies/models.py#L1882,TODO do this for all UUID models,Python,SATD
https://github.com/comic/grand-challenge.org/blob/6537ced2d2028e73f4627b113416c4f072ac350d/app/grandchallenge/reader_studies/models.py#L1918,TODO this should be a model clean method,Python,SATD
https://github.com/comic/grand-challenge.org/blob/df1ad796e5dc876a7c9c3bebf601014dfdb6c53a/app/config/settings.py#L1490,TODO fix inline styles,Python,SATD
https://github.com/comic/grand-challenge.org/blob/df1ad796e5dc876a7c9c3bebf601014dfdb6c53a/app/grandchallenge/reader_studies/views.py#L371-L372,"TODO: this view also contains the ground truth answer values.
 If the permission is changed to 'read', we need to filter these values out.",Python,SATD
https://github.com/comic/grand-challenge.org/blob/df1ad796e5dc876a7c9c3bebf601014dfdb6c53a/app/grandchallenge/reader_studies/views.py#L697,TODO this should be set in the form,Python,SATD
https://github.com/dgutman/webix_image_organizer/blob/2cb0bc5cfd95a84ae6c052aa423acc10d8e1ebe7/sources/views/components/listView.js#L29,TODO check item for visibility,JavaScript,SATD
https://github.com/dgutman/webix_image_organizer/blob/2cb0bc5cfd95a84ae6c052aa423acc10d8e1ebe7/sources/views/components/listView.js#L169,TODO: implement in descendants,JavaScript,SATD
https://github.com/dgutman/webix_image_organizer/blob/2cb0bc5cfd95a84ae6c052aa423acc10d8e1ebe7/sources/views/components/listView.js#L200,TODO: implement,JavaScript,SATD
https://github.com/dgutman/webix_image_organizer/blob/2cb0bc5cfd95a84ae6c052aa423acc10d8e1ebe7/sources/views/subviews/gallery/windows/imageWindowPaperJS/components/rightPanel/annotationList/annotationListView.js#L168-L177,"TODO: uncomment after changing in left panel
 const annotation = list.getItem(id);
 const fc = adapter.annotationToFeatureCollections(annotation);
 if (fc) {
 	this._tk.addFeatureCollections(
 		fc,
 		true,
 		this._openSeadragonViewer.world.getItemAt(0)
 	);
 }",JavaScript,SATD
https://github.com/dgutman/webix_image_organizer/blob/2cb0bc5cfd95a84ae6c052aa423acc10d8e1ebe7/sources/views/subviews/gallery/windows/imageWindowPaperJS/components/rightPanel/annotationList/annotationListView.js#L186,TODO: implement,JavaScript,SATD
https://github.com/dgutman/webix_image_organizer/blob/2cb0bc5cfd95a84ae6c052aa423acc10d8e1ebe7/sources/views/subviews/gallery/windows/imageWindowPaperJS/components/rightPanel/featuresList/featuresListView.js#L120,TODO: implement,JavaScript,SATD
https://github.com/dgutman/webix_image_organizer/blob/2cb0bc5cfd95a84ae6c052aa423acc10d8e1ebe7/sources/views/subviews/gallery/windows/imageWindowPaperJS/components/rightPanel/featuresList/featuresListView.js#L241-L247,"// TODO: add item to LayerUI
 let fc = new FeatureCollectionUI(grp, {
 	iconFactory: this.iconFactory
 });
 this.element.querySelector("".annotation-ui-feature-collections"").appendChild(fc.element);
 this._dragAndDrop.refresh();
 fc.element.dispatchEvent(new Event(""element-added""));",JavaScript,SATD
https://github.com/dgutman/webix_image_organizer/blob/697593fb3d03556225c458a2594c2876c1e08a16/sources/views/subviews/gallery/windows/imageWindowPaperJS/components/toolbarView.js#L243,TODO: hide toolbar at David's request,JavaScript,SATD
https://github.com/dgutman/webix_image_organizer/blob/697593fb3d03556225c458a2594c2876c1e08a16/sources/views/subviews/gallery/windows/imageWindowPaperJS/components/toolbarView.js#L336,TODO: improve,JavaScript,SATD
https://github.com/dgutman/webix_image_organizer/blob/697593fb3d03556225c458a2594c2876c1e08a16/sources/views/subviews/gallery/windows/imageWindowPaperJS/components/toolbarView.js#L522,TODO: implement,JavaScript,SATD
https://github.com/dgutman/webix_image_organizer/blob/697593fb3d03556225c458a2594c2876c1e08a16/sources/views/subviews/gallery/windows/imageWindowPaperJS/index.js#L11,TODO: add rotation control,JavaScript,SATD
https://github.com/dgutman/webix_image_organizer/blob/697593fb3d03556225c458a2594c2876c1e08a16/sources/views/subviews/gallery/windows/imageWindowPaperJS/index.js#L365,TODO: avoid this,JavaScript,SATD
https://github.com/dgutman/webix_image_organizer/blob/ad6842346b762ff608affc4738a5a6810e7d107d/sources/views/subviews/gallery/windows/imageWindowPaperJS/components/toolbarView.js#L243,TODO: hide toolbar at David's request,JavaScript,SATD
https://github.com/dgutman/webix_image_organizer/blob/ad6842346b762ff608affc4738a5a6810e7d107d/sources/views/subviews/gallery/windows/imageWindowPaperJS/components/toolbarView.js#L336,TODO: improve,JavaScript,SATD
https://github.com/dgutman/webix_image_organizer/blob/ad6842346b762ff608affc4738a5a6810e7d107d/sources/views/subviews/gallery/windows/imageWindowPaperJS/components/toolbarView.js#L536,TODO: implement,JavaScript,SATD
https://github.com/dgutman/webix_image_organizer/blob/ad6842346b762ff608affc4738a5a6810e7d107d/sources/views/subviews/gallery/windows/imageWindowPaperJS/index.js#L11,TODO: add rotation control,JavaScript,SATD
https://github.com/dgutman/webix_image_organizer/blob/ad6842346b762ff608affc4738a5a6810e7d107d/sources/views/subviews/gallery/windows/imageWindowPaperJS/index.js#L357,TODO: avoid this,JavaScript,SATD
https://github.com/dgutman/webix_image_organizer/blob/37c38416909efb0e784981d2324b3a8bb5572896/rcm/src/components/webix/header/userPanel.js#L23,TODO: login,JavaScript,SATD
https://github.com/dgutman/webix_image_organizer/blob/37c38416909efb0e784981d2324b3a8bb5572896/rcm/src/components/webix/image/image.js#L1,TODO: rewrite module to react,JavaScript,SATD
https://github.com/dgutman/webix_image_organizer/blob/37c38416909efb0e784981d2324b3a8bb5572896/rcm/src/components/webix/image/osdViewer.js#L11,TODO: describe default options,JavaScript,SATD
https://github.com/dgutman/webix_image_organizer/blob/37c38416909efb0e784981d2324b3a8bb5572896/rcm/src/services/ajaxActions.js#L50,TODO: change to argon2,JavaScript,SATD
https://github.com/dgutman/webix_image_organizer/blob/2a6231875dd953b094438d4734d187d8350c56fa/rcm/src/components/webix/image/image.js#L1,TODO: rewrite module to react,JavaScript,SATD
https://github.com/dgutman/webix_image_organizer/blob/2a6231875dd953b094438d4734d187d8350c56fa/rcm/src/components/webix/image/image.js#L206-L207,"TODO: Connect this to the actual table update
 This is where we'd update the table with new ROI coordinates",JavaScript,SATD
https://github.com/eclipse/kapua/blob/df75aacf0e1092bf3ed824b5e8efac6a94fa4e71/broker/artemis/plugin/src/main/java/org/eclipse/kapua/broker/artemis/plugin/security/SecurityPlugin.java#L137,TODO look for the right exception mapped to MQTT invalid client id error code,Java,SATD
https://github.com/eclipse/kapua/blob/df75aacf0e1092bf3ed824b5e8efac6a94fa4e71/broker/artemis/plugin/src/main/java/org/eclipse/kapua/broker/artemis/plugin/security/SecurityPlugin.java#L143,TODO SEE EXTERNAL FOR THE LOCK,Java,SATD
https://github.com/eclipse/kapua/blob/df75aacf0e1092bf3ed824b5e8efac6a94fa4e71/broker/artemis/plugin/src/main/java/org/eclipse/kapua/broker/artemis/plugin/security/SecurityPlugin.java#L236,TODO improve it to check for null,Java,SATD
https://github.com/eclipse/kapua/blob/df75aacf0e1092bf3ed824b5e8efac6a94fa4e71/broker/artemis/plugin/src/main/java/org/eclipse/kapua/broker/artemis/plugin/security/SecurityPlugin.java#L331-L332,"TODO check if it's still valid with Artemis
 activeMQ-MQ will map SecurityException into a CONNECTION_REFUSED_NOT_AUTHORIZED message (see javadoc on top of this method)",Java,SATD
https://github.com/eclipse/kapua/blob/df75aacf0e1092bf3ed824b5e8efac6a94fa4e71/broker/artemis/plugin/src/main/java/org/eclipse/kapua/broker/artemis/plugin/security/SecurityPlugin.java#L335-L336,"KapuaAuthenticationErrorCodes.AUTHENTICATION_ERROR - ILLEGAL_ACCESS etc
TODO throw other exception?",Java,SATD
https://github.com/eclipse/kapua/blob/df75aacf0e1092bf3ed824b5e8efac6a94fa4e71/broker/artemis/plugin/src/main/java/org/eclipse/kapua/broker/artemis/plugin/security/ServerContext.java#L37,TODO provide client pluggability once the rest one will be implemented (now just the AMQP client is available),Java,SATD
https://github.com/eclipse/kapua/blob/df75aacf0e1092bf3ed824b5e8efac6a94fa4e71/broker/artemis/plugin/src/main/java/org/eclipse/kapua/broker/artemis/plugin/security/context/SecurityContext.java#L48-L52,"*
 * TODO move this under DI. Ask for a way to do so in Artemis (is still Artemis managed by Spring as ActiveMQ 5?)
 * So the singleton can be managed by the DI.
 * <B>NOTE! This class should be a singleton but this is in charge of the caller.</B>",Java,SATD
https://github.com/eclipse/kapua/blob/df75aacf0e1092bf3ed824b5e8efac6a94fa4e71/broker/artemis/plugin/src/main/java/org/eclipse/kapua/broker/artemis/plugin/security/context/SecurityContext.java#L316-L317,"TODO make this check based on instanceof
something like Class.forName(exceptionClass).. just are we sure we have the exceptionClass implementation available at runtime?",Java,SATD
https://github.com/eclipse/kapua/blob/34d7b25225f883b1c92c8f8f02a2dc98c6da5687/broker/artemis/plugin/src/main/java/org/eclipse/kapua/broker/artemis/plugin/security/SecurityPlugin.java#L137,TODO look for the right exception mapped to MQTT invalid client id error code,Java,SATD
https://github.com/eclipse/kapua/blob/34d7b25225f883b1c92c8f8f02a2dc98c6da5687/broker/artemis/plugin/src/main/java/org/eclipse/kapua/broker/artemis/plugin/security/SecurityPlugin.java#L143,TODO SEE EXTERNAL FOR THE LOCK,Java,SATD
https://github.com/eclipse/kapua/blob/34d7b25225f883b1c92c8f8f02a2dc98c6da5687/broker/artemis/plugin/src/main/java/org/eclipse/kapua/broker/artemis/plugin/security/SecurityPlugin.java#L233,TODO improve it to check for null,Java,SATD
https://github.com/eclipse/kapua/blob/34d7b25225f883b1c92c8f8f02a2dc98c6da5687/broker/artemis/plugin/src/main/java/org/eclipse/kapua/broker/artemis/plugin/security/SecurityPlugin.java#L328-L329,"TODO check if it's still valid with Artemis
 activeMQ-MQ will map SecurityException into a CONNECTION_REFUSED_NOT_AUTHORIZED message (see javadoc on top of this method)",Java,SATD
https://github.com/eclipse/kapua/blob/34d7b25225f883b1c92c8f8f02a2dc98c6da5687/broker/artemis/plugin/src/main/java/org/eclipse/kapua/broker/artemis/plugin/security/SecurityPlugin.java#L332-L333,"KapuaAuthenticationErrorCodes.AUTHENTICATION_ERROR - ILLEGAL_ACCESS etc
TODO throw other exception?",Java,SATD
https://github.com/eclipse/kapua/blob/34d7b25225f883b1c92c8f8f02a2dc98c6da5687/broker/artemis/plugin/src/main/java/org/eclipse/kapua/broker/artemis/plugin/security/ServerContext.java#L37,TODO provide client pluggability once the rest one will be implemented (now just the AMQP client is available),Java,SATD
https://github.com/geonetwork/geonetwork-microservices/blob/2a27beb1428f527350c625c4fad8ee8d0c481d28/modules/library/common-persistence/src/main/java/org/fao/geonet/persistence/PersistenceConfig.java#L50-L51,"TODO: Would be good to only load a subset of the model
  depending on service needs",Java,SATD
https://github.com/geoserver/geoserver-cloud/blob/11e8338ac03527ccf1b9faf103b91c38fa676c81/src/extensions/ogcapi/features/src/main/java/org/geoserver/jackson/databind/ogcapi/features/OgcApiFeaturesConformancesModule.java#L22-L31,"*
 * Jackson module for serializing and deserializing OGC API Features Conformance classes.
 * <p>
 * This module is registered through the SPI mechanism via META-INF/services/com.fasterxml.jackson.databind.Module
 * to ensure it's picked up by the {@code PgconfigObjectMapper} utility class.
 * <p>
 * NOTE: This module particularly addresses a bug in {@link CQL2Conformance#isAdvanced()} which can throw
 * {@code NullPointerException} when the 'advanced' field is null. This workaround should be removed once
 * the issue is fixed in the upstream GeoServer codebase.",Java,SATD
https://github.com/gnosis/safe-transaction-service/blob/b163627d580f6f4b61422dc9a3e5aa5b36662e9f/safe_transaction_service/history/models.py#L1529,TODO Use MultiSend.MULTISEND_ADDRESSES + MultiSend MULTISEND_CALL_ONLY_ADDRESSES,Python,SATD
https://github.com/gnosis/safe-transaction-service/blob/8b1c45a5a8d351f77a5bdf229362198bee716586/config/settings/base.py#L584,Fix some issues regarding zkSync compatible networks,Python,SATD
https://github.com/gnosis/safe-transaction-service/blob/8b1c45a5a8d351f77a5bdf229362198bee716586/safe_transaction_service/history/models.py#L1536,TODO Use MultiSend.MULTISEND_ADDRESSES + MultiSend MULTISEND_CALL_ONLY_ADDRESSES,Python,SATD
https://github.com/gnosis/safe-transaction-service/blob/b89b69544f9aa5c647887097a9e1faf05a196717/safe_transaction_service/history/models.py#L1536,TODO Use MultiSend.MULTISEND_ADDRESSES + MultiSend MULTISEND_CALL_ONLY_ADDRESSES,Python,SATD
https://github.com/gnosis/safe-transaction-service/blob/b89b69544f9aa5c647887097a9e1faf05a196717/safe_transaction_service/history/serializers.py#L179,TODO Make signature mandatory,Python,SATD
https://github.com/gnosis/safe-transaction-service/blob/b89b69544f9aa5c647887097a9e1faf05a196717/safe_transaction_service/history/serializers.py#L301,TODO Make signature mandatory. len(signature_owners) must be >= 1,Python,SATD
https://github.com/gnosis/safe-transaction-service/blob/b6420914d68a3f434f6f67bb7aaf282aa6084f2d/safe_transaction_service/history/models.py#L1539,TODO Use MultiSend.MULTISEND_ADDRESSES + MultiSend MULTISEND_CALL_ONLY_ADDRESSES,Python,SATD
https://github.com/gnosis/safe-transaction-service/blob/7337a0f85f35fa9160cfe8bf965986152725b1f7/safe_transaction_service/history/migrations/0099_alter_ethereumtx__from_alter_ethereumtx_status_and_more.py#L34-L36,"Fix index naming: swap the names to match their conditions
 history_decoded_processed_idx has processed=False (should be ""not_proc"")
 history_decoded_not_proc_idx has processed=True (should be ""processed"")",Python,SATD
https://github.com/gnosis/safe-transaction-service/blob/7337a0f85f35fa9160cfe8bf965986152725b1f7/safe_transaction_service/history/models.py#L1539,TODO Use MultiSend.MULTISEND_ADDRESSES + MultiSend MULTISEND_CALL_ONLY_ADDRESSES,Python,SATD
https://github.com/gnosis/safe-transaction-service/blob/d5710cd2a63d21779a0e59a9ad18207d358d1f63/safe_transaction_service/tokens/tests/test_models.py#L119,Repeating the command will not fix token again,Python,SATD
https://github.com/gnosis/safe-transaction-service/blob/7e4af798a8fdd74614a447ba6d7d4b44edd82bdc/safe_transaction_service/history/indexers/tx_processor.py#L183,"TODO Refactor this function to `Safe` in safe-eth-py, it doesn't belong here",Python,SATD
https://github.com/gnosis/safe-transaction-service/blob/7e4af798a8fdd74614a447ba6d7d4b44edd82bdc/safe_transaction_service/history/indexers/tx_processor.py#L558,TODO Ban address if it doesn't have a valid master copy,Python,SATD
https://github.com/gnosis/safe-transaction-service/blob/7e4af798a8fdd74614a447ba6d7d4b44edd82bdc/safe_transaction_service/history/indexers/tx_processor.py#L623,TODO Add test with previous traces for processing a module transaction,Python,SATD
https://github.com/gnosis/safe-transaction-service/blob/7e4af798a8fdd74614a447ba6d7d4b44edd82bdc/safe_transaction_service/history/models.py#L1539,TODO Use MultiSend.MULTISEND_ADDRESSES + MultiSend MULTISEND_CALL_ONLY_ADDRESSES,Python,SATD
https://github.com/gnosis/safe-transaction-service/blob/7e4af798a8fdd74614a447ba6d7d4b44edd82bdc/safe_transaction_service/history/serializers.py#L179,TODO Make signature mandatory,Python,SATD
https://github.com/gnosis/safe-transaction-service/blob/7e4af798a8fdd74614a447ba6d7d4b44edd82bdc/safe_transaction_service/history/serializers.py#L303,TODO Make signature mandatory. len(signature_owners) must be >= 1,Python,SATD
https://github.com/gnosis/safe-transaction-service/blob/7e4af798a8fdd74614a447ba6d7d4b44edd82bdc/safe_transaction_service/history/tests/test_commands.py#L686,Fix confirmation signature,Python,SATD
https://github.com/gnosis/safe-transaction-service/blob/7e4af798a8fdd74614a447ba6d7d4b44edd82bdc/safe_transaction_service/history/tests/test_commands.py#L702,Fix safeTxHash too,Python,SATD
https://github.com/gnosis/safe-transaction-service/blob/7e4af798a8fdd74614a447ba6d7d4b44edd82bdc/safe_transaction_service/history/tests/test_safe_events_indexer.py#L891-L893,"TODO get singleton address when setup and creation are not indexed together
 self.assertEqual(InternalTx.objects.filter(contract_address=None, to=self.safe_contract.address).count(), 1)
 ProxyCreation first and SafeSetup later indexed together",Python,SATD
https://github.com/gnosis/safe-transaction-service/blob/7e4af798a8fdd74614a447ba6d7d4b44edd82bdc/safe_transaction_service/history/tests/test_views_v2.py#L433-L434,"TODO: Now that we have TestViewsV2V141 and TestViewsV2V150, should be create TestViewsV2V130?
 Downside: This will increase the number of tests.",Python,SATD
https://github.com/gs1/GS1_DigitalLink_Resolver_CE/blob/7f6d26ab50c549f82c23a5fcc1d853fb6ad55a20/web_server/src/web_logic.py#L208,Continue if the inner loop wasn't broken.,Python,SATD
https://github.com/gs1/GS1_DigitalLink_Resolver_CE/blob/7f6d26ab50c549f82c23a5fcc1d853fb6ad55a20/web_server/src/web_logic.py#L209,Break the outer loop if the inner one was broken,Python,SATD
https://github.com/hobbit-project/platform/blob/223f67150afbd4b32cbde6ff512ff337e5e869f8/platform-controller/src/main/java/org/hobbit/controller/PlatformController.java#L447-L448,"FIXME use the session id to make sure that only containers of this session
 are observed",Java,SATD
https://github.com/hobbit-project/platform/blob/223f67150afbd4b32cbde6ff512ff337e5e869f8/platform-controller/src/main/java/org/hobbit/controller/PlatformController.java#L732-L733,"TODO get maximum hardware constraints from the UI
 TODO deserialize hardware constraint map",Java,SATD
https://github.com/hobbit-project/platform/blob/223f67150afbd4b32cbde6ff512ff337e5e869f8/platform-controller/src/main/java/org/hobbit/controller/PlatformController.java#L856-L857,"TODO Read maximum hardware constraints from the benchmarking task data
 iterate participating system instances",Java,SATD
https://github.com/hobbit-project/platform/blob/223f67150afbd4b32cbde6ff512ff337e5e869f8/platform-controller/src/main/java/org/hobbit/controller/PlatformController.java#L1249,FIXME should be something different :/,Java,SATD
https://github.com/hobbit-project/platform/blob/4199dd0cc39ff58eca9555fabee7c748970141a5/platform-controller/src/main/java/org/hobbit/controller/ExperimentManager.java#L337,FIXME,Java,SATD
https://github.com/hobbit-project/platform/blob/4199dd0cc39ff58eca9555fabee7c748970141a5/platform-controller/src/main/java/org/hobbit/controller/ExperimentManager.java#L354-L355,"FIXME add javadoc
 Static method for easier testing",Java,SATD
https://github.com/hobbit-project/platform/blob/4199dd0cc39ff58eca9555fabee7c748970141a5/platform-controller/src/main/java/org/hobbit/controller/ExperimentManager.java#L459-L462,"TODO add information about the hardware
 Store the result model in DB
 choose the correct graph",Java,SATD
https://github.com/hobbit-project/platform/blob/b8e433ae53adf1bff275b5e19da28f91de1c3c01/platform-controller/src/main/java/org/hobbit/controller/ExperimentManager.java#L333,FIXME,Java,SATD
https://github.com/hobbit-project/platform/blob/b8e433ae53adf1bff275b5e19da28f91de1c3c01/platform-controller/src/main/java/org/hobbit/controller/ExperimentManager.java#L350-L351,"FIXME add javadoc
 Static method for easier testing",Java,SATD
https://github.com/hobbit-project/platform/blob/b8e433ae53adf1bff275b5e19da28f91de1c3c01/platform-controller/src/main/java/org/hobbit/controller/ExperimentManager.java#L455-L458,"TODO add information about the hardware
 Store the result model in DB
 choose the correct graph",Java,SATD
https://github.com/hotosm/tasking-manager/blob/5ffc938283400baa8925b1d129ef9d7de881c2ef/backend/models/postgis/task.py#L406-L410,"We suspect there's some kind or race condition that is occasionally deleting history records
 prior to user unlocking task. Most likely stemming from auto-unlock feature. However, given that
 we're trying to update a row that doesn't exist, it's better to return without doing anything
 rather than showing the user an error that they can't fix.
 No record found, possibly a race condition or auto-unlock scenario.",Python,SATD
https://github.com/hotosm/tasking-manager/blob/5ffc938283400baa8925b1d129ef9d7de881c2ef/backend/models/postgis/task.py#L977-L978,"TODO Verify this.
 Insert any mapping issues into the task_mapping_issues table, building the query dynamically",Python,SATD
https://github.com/hotosm/tasking-manager/blob/d21a5ec401ec7297d29a0cf8279bfa366df8b462/backend/models/postgis/project.py#L1286-L1361,"TODO: Understand the functionality of subquery used and incorporate this part.
 actions = []
 if project_stats.average_mapping_time <= 0:
     actions.append(TaskStatus.LOCKED_FOR_MAPPING.name)
 if project_stats.average_validation_time <= 0:
     actions.append(TaskStatus.LOCKED_FOR_VALIDATION.name)
 zoom_levels = []
 if actions:
     # Query for distinct zoom levels
     zoom_levels_query = """"""
         SELECT DISTINCT zoom
         FROM tasks
         WHERE project_id = :project_id
     """"""
     zoom_levels_result = await database.fetch_all(zoom_levels_query, values={""project_id"": project_id})
     zoom_levels = [row['zoom'] for row in zoom_levels_result]
 is_square = None not in zoom_levels
 subquery = f""""""
     SELECT
         t.zoom,
         th.action,
         EXTRACT(EPOCH FROM TO_TIMESTAMP(th.action_text, 'HH24:MI:SS')) AS ts
     FROM task_history th
     JOIN tasks t ON th.task_id = t.id
     WHERE th.action IN :actions
     AND th.project_id = :project_id
     AND t.is_square = :is_square
     AND (t.zoom IN :zoom_levels OR :is_square IS FALSE)
 """"""
 subquery_params = {
     ""project_id"": project_id,
     ""actions"": tuple(actions),
     ""is_square"": is_square,
     ""zoom_levels"": tuple(zoom_levels) if zoom_levels else (None,)
 }
 subquery_result = await database.fetch_all(subquery, values=subquery_params)
 # Query for average mapping time
 if project_stats.average_mapping_time <= 0:
     mapping_avg_query = """"""
         SELECT zoom, AVG(ts) AS avg
         FROM (
             SELECT zoom, ts
             FROM subquery_result
             WHERE action = 'LOCKED_FOR_MAPPING'
         ) AS mapping_times
         GROUP BY zoom
     """"""
     mapping_avg_result = await database.fetch_all(mapping_avg_query)
     if mapping_avg_result:
 total_mapping_time = sum(row['avg'].total_seconds() for row in mapping_avg_result)
 mapping_time = total_mapping_time / len(mapping_avg_result)
         project_stats.average_mapping_time = mapping_time
 # Query for average validation time
 if project_stats.average_validation_time <= 0:
     validation_avg_query = """"""
         SELECT zoom, AVG(ts) AS avg
         FROM (
             SELECT zoom, ts
             FROM subquery_result
             WHERE action = 'LOCKED_FOR_VALIDATION'
         ) AS validation_times
         GROUP BY zoom
     """"""
     validation_avg_result = await database.fetch_all(validation_avg_query)
     if validation_avg_result:
 total_validation_time = sum(row['avg'].total_seconds() for row in validation_avg_result)
 validation_time = total_validation_time / len(validation_avg_result)
         project_stats.average_validation_time = validation_time
 Calculate time to finish mapping and validation",Python,SATD
https://github.com/hotosm/tasking-manager/blob/221be29be780a2acdc8123ced064420e86fa9278/frontend/src/config/index.js#L188-L189,"noClick is needed to avoid file picker dialogs when switching between `Write` and `Preview` in `CommentInputField`
 At time of writing, this workaround is only needed on Chromium based browsers.",JavaScript,SATD
https://github.com/hyphanet/fred/blob/687fd68309eab5fdc45faf9493b71a91c6d73c32/src/freenet/client/filter/PNGFilter.java#L23-L29,"*
 * Content filter for PNG's. Only allows valid chunks (valid CRC, known chunk type).
 *
 * It can strip the timestamp and ""text(.)*"" chunks if asked to
 *
 * FIXME: validate chunk contents where possible.",Java,SATD
https://github.com/hyphanet/fred/blob/687fd68309eab5fdc45faf9493b71a91c6d73c32/src/freenet/client/filter/PNGFilter.java#L39,FIXME Embedded ICC profile: could this conceivably cause a web lookup?,Java,SATD
https://github.com/hyphanet/fred/blob/687fd68309eab5fdc45faf9493b71a91c6d73c32/src/freenet/client/filter/PNGFilter.java#L125-L128,"FIXME optimise out the throw, don't use readFully?
 This will happen once per filtering.
 We can't use available() for reasons explained in
 the javadocs for ContentDataFilter.",Java,SATD
https://github.com/hyphanet/fred/blob/687fd68309eab5fdc45faf9493b71a91c6d73c32/test/freenet/client/filter/PNGFilterTest.java#L29-L33,"{ image file, valid }
 NOT PASS  { ""./png/broken/scal_floating_point.png"", false }, //
 NOT PASS  { ""./png/broken/splt_length_mod_10.png"", false }, //
 NOT PASS  { ""./png/broken/length_ster.png"", false }, //
 NOT PASS  { ""./png/broken/scal_unit_specifier.png"", false }, //",Java,SATD
https://github.com/hyphanet/fred/blob/687fd68309eab5fdc45faf9493b71a91c6d73c32/test/freenet/client/filter/PNGFilterTest.java#L35-L45,"NOT PASS  { ""./png/broken/plte_too_many_entries.png"", false }, //
 NOT PASS  { ""./png/broken/private_filter_method.png"", false }, //
 NOT PASS  { ""./png/broken/truncate_idat_1.png"", false }, //
 NOT PASS  { ""./png/broken/length_iend.png"", false }, //
 NOT PASS  { ""./png/broken/ihdr_bit_depth.png"", false }, //
 NOT PASS  { ""./png/broken/multiple_scal.png"", false }, //
 NOT PASS  { ""./png/broken/chunk_type.png"", false }, //
 NOT PASS  { ""./png/broken/plte_too_many_entries_2.png"", false }, //
 NOT PASS  { ""./png/broken/length_offs.png"", false }, //
 NOT PASS  { ""./png/broken/truncate_idat_0.png"", false }, //
 NOT PASS  { ""./png/broken/length_gama.png"", false }, //",Java,SATD
https://github.com/hyphanet/fred/blob/687fd68309eab5fdc45faf9493b71a91c6d73c32/test/freenet/client/filter/PNGFilterTest.java#L47-L52,"NOT PASS  { ""./png/broken/private_filter_type.png"", false }, //
 NOT PASS  { ""./png/broken/sbit_after_plte.png"", false }, //
 NOT PASS  { ""./png/broken/missing_idat.png"", false }, //
 NOT PASS  { ""./png/broken/ihdr_filter_method.png"", false }, //
 NOT PASS  { ""./png/broken/ihdr_compression_method.png"", false }, //
 NOT PASS  { ""./png/broken/pcal_after_idat.png"", false }, //",Java,SATD
https://github.com/hyphanet/fred/blob/687fd68309eab5fdc45faf9493b71a91c6d73c32/test/freenet/client/filter/PNGFilterTest.java#L54-L55,"NOT PASS  { ""./png/broken/chunk_private_critical.png"", false }, //
 NOT PASS  { ""./png/broken/splt_duplicate_name.png"", false }, //",Java,SATD
https://github.com/hyphanet/fred/blob/687fd68309eab5fdc45faf9493b71a91c6d73c32/test/freenet/client/filter/PNGFilterTest.java#L57,"NOT PASS  { ""./png/broken/scal_after_idat.png"", false }, //",Java,SATD
https://github.com/hyphanet/fred/blob/687fd68309eab5fdc45faf9493b71a91c6d73c32/test/freenet/client/filter/PNGFilterTest.java#L59-L70,"NOT PASS  { ""./png/broken/ihdr_interlace_method.png"", false }, //
 NOT PASS  { ""./png/broken/ihdr_1bit_alpha.png"", false }, //
 NOT PASS  { ""./png/broken/ihdr_color_type.png"", false }, //
 NOT PASS  { ""./png/broken/multiple_plte.png"", false }, //
 NOT PASS  { ""./png/broken/multiple_ster.png"", false }, //
 NOT PASS  { ""./png/broken/length_sbit.png"", false }, //
 NOT PASS  { ""./png/broken/splt_length_mod_6.png"", false }, //
 NOT PASS  { ""./png/broken/length_sbit_2.png"", false }, //
 NOT PASS  { ""./png/broken/trns_bad_color_type.png"", false }, //
 NOT PASS  { ""./png/broken/multiple_gama.png"", false }, //
 NOT PASS  { ""./png/broken/offs_after_idat.png"", false }, //
 NOT PASS  { ""./png/broken/length_ihdr.png"", false }, //",Java,SATD
https://github.com/hyphanet/fred/blob/687fd68309eab5fdc45faf9493b71a91c6d73c32/test/freenet/client/filter/PNGFilterTest.java#L72-L73,"NOT PASS  { ""./png/broken/ihdr_image_size.png"", false }, //
 NOT PASS  { ""./png/broken/gama_after_plte.png"", false }, //",Java,SATD
https://github.com/hyphanet/fred/blob/687fd68309eab5fdc45faf9493b71a91c6d73c32/test/freenet/client/filter/PNGFilterTest.java#L75-L76,"NOT PASS  { ""./png/broken/unknown_filter_type.png"", false }, //
 NOT PASS  { ""./png/broken/scal_zero.png"", false }, //",Java,SATD
https://github.com/hyphanet/fred/blob/687fd68309eab5fdc45faf9493b71a91c6d73c32/test/freenet/client/filter/PNGFilterTest.java#L78-L94,"NOT PASS  { ""./png/broken/scal_negative.png"", false }, //
 NOT PASS  { ""./png/broken/ster_mode.png"", false }, //
 NOT PASS  { ""./png/broken/private_interlace_method.png"", false }, //
 NOT PASS  { ""./png/broken/srgb_after_idat.png"", false }, //
 NOT PASS  { ""./png/broken/ster_after_idat.png"", false }, //
 NOT PASS  { ""./png/broken/ihdr_16bit_palette.png"", false }, //
 NOT PASS  { ""./png/broken/iccp_after_idat.png"", false }, //
 NOT PASS  { ""./png/broken/plte_empty.png"", false }, //
 NOT PASS  { ""./png/broken/private_compression_method.png"", false }, //
 NOT PASS  { ""./png/broken/offs_unit_specifier.png"", false }, //
 NOT PASS  { ""./png/broken/plte_length_mod_three.png"", false }, //
 NOT PASS  { ""./png/broken/multiple_offs.png"", false }, //
 NOT PASS  { ""./png/broken/gama_after_idat.png"", false }, //
 NOT PASS  { ""./png/broken/missing_plte.png"", false }, //
 NOT PASS  { ""./png/broken/splt_sample_depth.png"", false }, //
 NOT PASS  { ""./png/broken/multiple_pcal.png"", false }, //
 NOT PASS  { ""./png/broken/plte_in_grayscale.png"", false }, //",Java,SATD
https://github.com/hyphanet/fred/blob/4ea3c5ceddfecc12956561ab3ede5880af6f23a1/src/freenet/client/filter/PNGFilter.java#L23-L29,"*
 * Content filter for PNG's. Only allows valid chunks (valid CRC, known chunk type).
 *
 * It can strip the timestamp and ""text(.)*"" chunks if asked to
 *
 * FIXME: validate chunk contents where possible.",Java,SATD
https://github.com/hyphanet/fred/blob/4ea3c5ceddfecc12956561ab3ede5880af6f23a1/src/freenet/client/filter/PNGFilter.java#L39,FIXME Embedded ICC profile: could this conceivably cause a web lookup?,Java,SATD
https://github.com/hyphanet/fred/blob/4ea3c5ceddfecc12956561ab3ede5880af6f23a1/src/freenet/client/filter/PNGFilter.java#L125-L128,"FIXME optimise out the throw, don't use readFully?
 This will happen once per filtering.
 We can't use available() for reasons explained in
 the javadocs for ContentDataFilter.",Java,SATD
https://github.com/hyphanet/fred/blob/4ea3c5ceddfecc12956561ab3ede5880af6f23a1/test/freenet/client/filter/PNGFilterTest.java#L29-L33,"{ image file, valid }
 NOT PASS  { ""./png/broken/scal_floating_point.png"", false }, //
 NOT PASS  { ""./png/broken/splt_length_mod_10.png"", false }, //
 NOT PASS  { ""./png/broken/length_ster.png"", false }, //
 NOT PASS  { ""./png/broken/scal_unit_specifier.png"", false }, //",Java,SATD
https://github.com/hyphanet/fred/blob/4ea3c5ceddfecc12956561ab3ede5880af6f23a1/test/freenet/client/filter/PNGFilterTest.java#L35-L45,"NOT PASS  { ""./png/broken/plte_too_many_entries.png"", false }, //
 NOT PASS  { ""./png/broken/private_filter_method.png"", false }, //
 NOT PASS  { ""./png/broken/truncate_idat_1.png"", false }, //
 NOT PASS  { ""./png/broken/length_iend.png"", false }, //
 NOT PASS  { ""./png/broken/ihdr_bit_depth.png"", false }, //
 NOT PASS  { ""./png/broken/multiple_scal.png"", false }, //
 NOT PASS  { ""./png/broken/chunk_type.png"", false }, //
 NOT PASS  { ""./png/broken/plte_too_many_entries_2.png"", false }, //
 NOT PASS  { ""./png/broken/length_offs.png"", false }, //
 NOT PASS  { ""./png/broken/truncate_idat_0.png"", false }, //
 NOT PASS  { ""./png/broken/length_gama.png"", false }, //",Java,SATD
https://github.com/hyphanet/fred/blob/4ea3c5ceddfecc12956561ab3ede5880af6f23a1/test/freenet/client/filter/PNGFilterTest.java#L47-L52,"NOT PASS  { ""./png/broken/private_filter_type.png"", false }, //
 NOT PASS  { ""./png/broken/sbit_after_plte.png"", false }, //
 NOT PASS  { ""./png/broken/missing_idat.png"", false }, //
 NOT PASS  { ""./png/broken/ihdr_filter_method.png"", false }, //
 NOT PASS  { ""./png/broken/ihdr_compression_method.png"", false }, //
 NOT PASS  { ""./png/broken/pcal_after_idat.png"", false }, //",Java,SATD
https://github.com/hyphanet/fred/blob/4ea3c5ceddfecc12956561ab3ede5880af6f23a1/test/freenet/client/filter/PNGFilterTest.java#L54-L55,"NOT PASS  { ""./png/broken/chunk_private_critical.png"", false }, //
 NOT PASS  { ""./png/broken/splt_duplicate_name.png"", false }, //",Java,SATD
https://github.com/hyphanet/fred/blob/4ea3c5ceddfecc12956561ab3ede5880af6f23a1/test/freenet/client/filter/PNGFilterTest.java#L57,"NOT PASS  { ""./png/broken/scal_after_idat.png"", false }, //",Java,SATD
https://github.com/hyphanet/fred/blob/4ea3c5ceddfecc12956561ab3ede5880af6f23a1/test/freenet/client/filter/PNGFilterTest.java#L59-L70,"NOT PASS  { ""./png/broken/ihdr_interlace_method.png"", false }, //
 NOT PASS  { ""./png/broken/ihdr_1bit_alpha.png"", false }, //
 NOT PASS  { ""./png/broken/ihdr_color_type.png"", false }, //
 NOT PASS  { ""./png/broken/multiple_plte.png"", false }, //
 NOT PASS  { ""./png/broken/multiple_ster.png"", false }, //
 NOT PASS  { ""./png/broken/length_sbit.png"", false }, //
 NOT PASS  { ""./png/broken/splt_length_mod_6.png"", false }, //
 NOT PASS  { ""./png/broken/length_sbit_2.png"", false }, //
 NOT PASS  { ""./png/broken/trns_bad_color_type.png"", false }, //
 NOT PASS  { ""./png/broken/multiple_gama.png"", false }, //
 NOT PASS  { ""./png/broken/offs_after_idat.png"", false }, //
 NOT PASS  { ""./png/broken/length_ihdr.png"", false }, //",Java,SATD
https://github.com/hyphanet/fred/blob/4ea3c5ceddfecc12956561ab3ede5880af6f23a1/test/freenet/client/filter/PNGFilterTest.java#L72-L73,"NOT PASS  { ""./png/broken/ihdr_image_size.png"", false }, //
 NOT PASS  { ""./png/broken/gama_after_plte.png"", false }, //",Java,SATD
https://github.com/hyphanet/fred/blob/4ea3c5ceddfecc12956561ab3ede5880af6f23a1/test/freenet/client/filter/PNGFilterTest.java#L75-L76,"NOT PASS  { ""./png/broken/unknown_filter_type.png"", false }, //
 NOT PASS  { ""./png/broken/scal_zero.png"", false }, //",Java,SATD
https://github.com/hyphanet/fred/blob/4ea3c5ceddfecc12956561ab3ede5880af6f23a1/test/freenet/client/filter/PNGFilterTest.java#L78-L94,"NOT PASS  { ""./png/broken/scal_negative.png"", false }, //
 NOT PASS  { ""./png/broken/ster_mode.png"", false }, //
 NOT PASS  { ""./png/broken/private_interlace_method.png"", false }, //
 NOT PASS  { ""./png/broken/srgb_after_idat.png"", false }, //
 NOT PASS  { ""./png/broken/ster_after_idat.png"", false }, //
 NOT PASS  { ""./png/broken/ihdr_16bit_palette.png"", false }, //
 NOT PASS  { ""./png/broken/iccp_after_idat.png"", false }, //
 NOT PASS  { ""./png/broken/plte_empty.png"", false }, //
 NOT PASS  { ""./png/broken/private_compression_method.png"", false }, //
 NOT PASS  { ""./png/broken/offs_unit_specifier.png"", false }, //
 NOT PASS  { ""./png/broken/plte_length_mod_three.png"", false }, //
 NOT PASS  { ""./png/broken/multiple_offs.png"", false }, //
 NOT PASS  { ""./png/broken/gama_after_idat.png"", false }, //
 NOT PASS  { ""./png/broken/missing_plte.png"", false }, //
 NOT PASS  { ""./png/broken/splt_sample_depth.png"", false }, //
 NOT PASS  { ""./png/broken/multiple_pcal.png"", false }, //
 NOT PASS  { ""./png/broken/plte_in_grayscale.png"", false }, //",Java,SATD
https://github.com/hyphanet/fred/blob/3165777ca840d4044047678534e8c1789659eff8/src/freenet/client/filter/PNGFilter.java#L23-L29,"*
 * Content filter for PNG's. Only allows valid chunks (valid CRC, known chunk type).
 *
 * It can strip the timestamp and ""text(.)*"" chunks if asked to
 *
 * FIXME: validate chunk contents where possible.",Java,SATD
https://github.com/hyphanet/fred/blob/3165777ca840d4044047678534e8c1789659eff8/src/freenet/client/filter/PNGFilter.java#L40,FIXME Embedded ICC profile: could this conceivably cause a web lookup?,Java,SATD
https://github.com/hyphanet/fred/blob/3165777ca840d4044047678534e8c1789659eff8/src/freenet/client/filter/PNGFilter.java#L130-L133,"FIXME optimise out the throw, don't use readFully?
 This will happen once per filtering.
 We can't use available() for reasons explained in
 the javadocs for ContentDataFilter.",Java,SATD
https://github.com/hyphanet/fred/blob/3165777ca840d4044047678534e8c1789659eff8/test/freenet/client/filter/PNGFilterTest.java#L29-L33,"{ image file, valid }
 NOT PASS  { ""./png/broken/scal_floating_point.png"", false }, //
 NOT PASS  { ""./png/broken/splt_length_mod_10.png"", false }, //
 NOT PASS  { ""./png/broken/length_ster.png"", false }, //
 NOT PASS  { ""./png/broken/scal_unit_specifier.png"", false }, //",Java,SATD
https://github.com/hyphanet/fred/blob/3165777ca840d4044047678534e8c1789659eff8/test/freenet/client/filter/PNGFilterTest.java#L35-L45,"NOT PASS  { ""./png/broken/plte_too_many_entries.png"", false }, //
 NOT PASS  { ""./png/broken/private_filter_method.png"", false }, //
 NOT PASS  { ""./png/broken/truncate_idat_1.png"", false }, //
 NOT PASS  { ""./png/broken/length_iend.png"", false }, //
 NOT PASS  { ""./png/broken/ihdr_bit_depth.png"", false }, //
 NOT PASS  { ""./png/broken/multiple_scal.png"", false }, //
 NOT PASS  { ""./png/broken/chunk_type.png"", false }, //
 NOT PASS  { ""./png/broken/plte_too_many_entries_2.png"", false }, //
 NOT PASS  { ""./png/broken/length_offs.png"", false }, //
 NOT PASS  { ""./png/broken/truncate_idat_0.png"", false }, //
 NOT PASS  { ""./png/broken/length_gama.png"", false }, //",Java,SATD
https://github.com/hyphanet/fred/blob/3165777ca840d4044047678534e8c1789659eff8/test/freenet/client/filter/PNGFilterTest.java#L47-L52,"NOT PASS  { ""./png/broken/private_filter_type.png"", false }, //
 NOT PASS  { ""./png/broken/sbit_after_plte.png"", false }, //
 NOT PASS  { ""./png/broken/missing_idat.png"", false }, //
 NOT PASS  { ""./png/broken/ihdr_filter_method.png"", false }, //
 NOT PASS  { ""./png/broken/ihdr_compression_method.png"", false }, //
 NOT PASS  { ""./png/broken/pcal_after_idat.png"", false }, //",Java,SATD
https://github.com/hyphanet/fred/blob/3165777ca840d4044047678534e8c1789659eff8/test/freenet/client/filter/PNGFilterTest.java#L54-L55,"NOT PASS  { ""./png/broken/chunk_private_critical.png"", false }, //
 NOT PASS  { ""./png/broken/splt_duplicate_name.png"", false }, //",Java,SATD
https://github.com/hyphanet/fred/blob/3165777ca840d4044047678534e8c1789659eff8/test/freenet/client/filter/PNGFilterTest.java#L57,"NOT PASS  { ""./png/broken/scal_after_idat.png"", false }, //",Java,SATD
https://github.com/hyphanet/fred/blob/3165777ca840d4044047678534e8c1789659eff8/test/freenet/client/filter/PNGFilterTest.java#L59-L70,"NOT PASS  { ""./png/broken/ihdr_interlace_method.png"", false }, //
 NOT PASS  { ""./png/broken/ihdr_1bit_alpha.png"", false }, //
 NOT PASS  { ""./png/broken/ihdr_color_type.png"", false }, //
 NOT PASS  { ""./png/broken/multiple_plte.png"", false }, //
 NOT PASS  { ""./png/broken/multiple_ster.png"", false }, //
 NOT PASS  { ""./png/broken/length_sbit.png"", false }, //
 NOT PASS  { ""./png/broken/splt_length_mod_6.png"", false }, //
 NOT PASS  { ""./png/broken/length_sbit_2.png"", false }, //
 NOT PASS  { ""./png/broken/trns_bad_color_type.png"", false }, //
 NOT PASS  { ""./png/broken/multiple_gama.png"", false }, //
 NOT PASS  { ""./png/broken/offs_after_idat.png"", false }, //
 NOT PASS  { ""./png/broken/length_ihdr.png"", false }, //",Java,SATD
https://github.com/hyphanet/fred/blob/3165777ca840d4044047678534e8c1789659eff8/test/freenet/client/filter/PNGFilterTest.java#L75-L76,"NOT PASS  { ""./png/broken/unknown_filter_type.png"", false }, //
 NOT PASS  { ""./png/broken/scal_zero.png"", false }, //",Java,SATD
https://github.com/hyphanet/fred/blob/3165777ca840d4044047678534e8c1789659eff8/test/freenet/client/filter/PNGFilterTest.java#L72,"NOT PASS  { ""./png/broken/ihdr_image_size.png"", false }, //",Java,SATD
https://github.com/hyphanet/fred/blob/3165777ca840d4044047678534e8c1789659eff8/test/freenet/client/filter/PNGFilterTest.java#L78-L80,"NOT PASS  { ""./png/broken/scal_negative.png"", false }, //
 NOT PASS  { ""./png/broken/ster_mode.png"", false }, //
 NOT PASS  { ""./png/broken/private_interlace_method.png"", false }, //",Java,SATD
https://github.com/hyphanet/fred/blob/3165777ca840d4044047678534e8c1789659eff8/test/freenet/client/filter/PNGFilterTest.java#L82-L83,"NOT PASS  { ""./png/broken/ster_after_idat.png"", false }, //
 NOT PASS  { ""./png/broken/ihdr_16bit_palette.png"", false }, //",Java,SATD
https://github.com/hyphanet/fred/blob/3165777ca840d4044047678534e8c1789659eff8/test/freenet/client/filter/PNGFilterTest.java#L85-L89,"NOT PASS  { ""./png/broken/plte_empty.png"", false }, //
 NOT PASS  { ""./png/broken/private_compression_method.png"", false }, //
 NOT PASS  { ""./png/broken/offs_unit_specifier.png"", false }, //
 NOT PASS  { ""./png/broken/plte_length_mod_three.png"", false }, //
 NOT PASS  { ""./png/broken/multiple_offs.png"", false }, //",Java,SATD
https://github.com/hyphanet/fred/blob/3165777ca840d4044047678534e8c1789659eff8/test/freenet/client/filter/PNGFilterTest.java#L91-L94,"NOT PASS  { ""./png/broken/missing_plte.png"", false }, //
 NOT PASS  { ""./png/broken/splt_sample_depth.png"", false }, //
 NOT PASS  { ""./png/broken/multiple_pcal.png"", false }, //
 NOT PASS  { ""./png/broken/plte_in_grayscale.png"", false }, //",Java,SATD
https://github.com/hyphanet/fred/blob/e80acab74cff39b357c97caf98dbeebea8001db5/src/freenet/client/filter/PNGFilter.java#L23-L29,"*
 * Content filter for PNG's. Only allows valid chunks (valid CRC, known chunk type).
 *
 * It can strip the timestamp and ""text(.)*"" chunks if asked to
 *
 * FIXME: validate chunk contents where possible.",Java,SATD
https://github.com/hyphanet/fred/blob/e80acab74cff39b357c97caf98dbeebea8001db5/src/freenet/client/filter/PNGFilter.java#L40,FIXME Embedded ICC profile: could this conceivably cause a web lookup?,Java,SATD
https://github.com/hyphanet/fred/blob/e80acab74cff39b357c97caf98dbeebea8001db5/src/freenet/client/filter/PNGFilter.java#L130-L133,"FIXME optimise out the throw, don't use readFully?
 This will happen once per filtering.
 We can't use available() for reasons explained in
 the javadocs for ContentDataFilter.",Java,SATD
https://github.com/hyphanet/fred/blob/e80acab74cff39b357c97caf98dbeebea8001db5/test/freenet/client/filter/PNGFilterTest.java#L29-L33,"{ image file, valid }
 NOT PASS  { ""./png/broken/scal_floating_point.png"", false }, //
 NOT PASS  { ""./png/broken/splt_length_mod_10.png"", false }, //
 NOT PASS  { ""./png/broken/length_ster.png"", false }, //
 NOT PASS  { ""./png/broken/scal_unit_specifier.png"", false }, //",Java,SATD
https://github.com/hyphanet/fred/blob/e80acab74cff39b357c97caf98dbeebea8001db5/test/freenet/client/filter/PNGFilterTest.java#L35-L45,"NOT PASS  { ""./png/broken/plte_too_many_entries.png"", false }, //
 NOT PASS  { ""./png/broken/private_filter_method.png"", false }, //
 NOT PASS  { ""./png/broken/truncate_idat_1.png"", false }, //
 NOT PASS  { ""./png/broken/length_iend.png"", false }, //
 NOT PASS  { ""./png/broken/ihdr_bit_depth.png"", false }, //
 NOT PASS  { ""./png/broken/multiple_scal.png"", false }, //
 NOT PASS  { ""./png/broken/chunk_type.png"", false }, //
 NOT PASS  { ""./png/broken/plte_too_many_entries_2.png"", false }, //
 NOT PASS  { ""./png/broken/length_offs.png"", false }, //
 NOT PASS  { ""./png/broken/truncate_idat_0.png"", false }, //
 NOT PASS  { ""./png/broken/length_gama.png"", false }, //",Java,SATD
https://github.com/hyphanet/fred/blob/e80acab74cff39b357c97caf98dbeebea8001db5/test/freenet/client/filter/PNGFilterTest.java#L47-L52,"NOT PASS  { ""./png/broken/private_filter_type.png"", false }, //
 NOT PASS  { ""./png/broken/sbit_after_plte.png"", false }, //
 NOT PASS  { ""./png/broken/missing_idat.png"", false }, //
 NOT PASS  { ""./png/broken/ihdr_filter_method.png"", false }, //
 NOT PASS  { ""./png/broken/ihdr_compression_method.png"", false }, //
 NOT PASS  { ""./png/broken/pcal_after_idat.png"", false }, //",Java,SATD
https://github.com/hyphanet/fred/blob/e80acab74cff39b357c97caf98dbeebea8001db5/test/freenet/client/filter/PNGFilterTest.java#L54-L55,"NOT PASS  { ""./png/broken/chunk_private_critical.png"", false }, //
 NOT PASS  { ""./png/broken/splt_duplicate_name.png"", false }, //",Java,SATD
https://github.com/hyphanet/fred/blob/e80acab74cff39b357c97caf98dbeebea8001db5/test/freenet/client/filter/PNGFilterTest.java#L57,"NOT PASS  { ""./png/broken/scal_after_idat.png"", false }, //",Java,SATD
https://github.com/hyphanet/fred/blob/e80acab74cff39b357c97caf98dbeebea8001db5/test/freenet/client/filter/PNGFilterTest.java#L59-L70,"NOT PASS  { ""./png/broken/ihdr_interlace_method.png"", false }, //
 NOT PASS  { ""./png/broken/ihdr_1bit_alpha.png"", false }, //
 NOT PASS  { ""./png/broken/ihdr_color_type.png"", false }, //
 NOT PASS  { ""./png/broken/multiple_plte.png"", false }, //
 NOT PASS  { ""./png/broken/multiple_ster.png"", false }, //
 NOT PASS  { ""./png/broken/length_sbit.png"", false }, //
 NOT PASS  { ""./png/broken/splt_length_mod_6.png"", false }, //
 NOT PASS  { ""./png/broken/length_sbit_2.png"", false }, //
 NOT PASS  { ""./png/broken/trns_bad_color_type.png"", false }, //
 NOT PASS  { ""./png/broken/multiple_gama.png"", false }, //
 NOT PASS  { ""./png/broken/offs_after_idat.png"", false }, //
 NOT PASS  { ""./png/broken/length_ihdr.png"", false }, //",Java,SATD
https://github.com/hyphanet/fred/blob/e80acab74cff39b357c97caf98dbeebea8001db5/test/freenet/client/filter/PNGFilterTest.java#L72,"NOT PASS  { ""./png/broken/ihdr_image_size.png"", false }, //",Java,SATD
https://github.com/hyphanet/fred/blob/e80acab74cff39b357c97caf98dbeebea8001db5/test/freenet/client/filter/PNGFilterTest.java#L75-L76,"NOT PASS  { ""./png/broken/unknown_filter_type.png"", false }, //
 NOT PASS  { ""./png/broken/scal_zero.png"", false }, //",Java,SATD
https://github.com/hyphanet/fred/blob/e80acab74cff39b357c97caf98dbeebea8001db5/test/freenet/client/filter/PNGFilterTest.java#L78-L80,"NOT PASS  { ""./png/broken/scal_negative.png"", false }, //
 NOT PASS  { ""./png/broken/ster_mode.png"", false }, //
 NOT PASS  { ""./png/broken/private_interlace_method.png"", false }, //",Java,SATD
https://github.com/hyphanet/fred/blob/e80acab74cff39b357c97caf98dbeebea8001db5/test/freenet/client/filter/PNGFilterTest.java#L82-L83,"NOT PASS  { ""./png/broken/ster_after_idat.png"", false }, //
 NOT PASS  { ""./png/broken/ihdr_16bit_palette.png"", false }, //",Java,SATD
https://github.com/hyphanet/fred/blob/e80acab74cff39b357c97caf98dbeebea8001db5/test/freenet/client/filter/PNGFilterTest.java#L85-L89,"NOT PASS  { ""./png/broken/plte_empty.png"", false }, //
 NOT PASS  { ""./png/broken/private_compression_method.png"", false }, //
 NOT PASS  { ""./png/broken/offs_unit_specifier.png"", false }, //
 NOT PASS  { ""./png/broken/plte_length_mod_three.png"", false }, //
 NOT PASS  { ""./png/broken/multiple_offs.png"", false }, //",Java,SATD
https://github.com/hyphanet/fred/blob/e80acab74cff39b357c97caf98dbeebea8001db5/test/freenet/client/filter/PNGFilterTest.java#L91-L94,"NOT PASS  { ""./png/broken/missing_plte.png"", false }, //
 NOT PASS  { ""./png/broken/splt_sample_depth.png"", false }, //
 NOT PASS  { ""./png/broken/multiple_pcal.png"", false }, //
 NOT PASS  { ""./png/broken/plte_in_grayscale.png"", false }, //",Java,SATD
https://github.com/hyphanet/fred/blob/7aea306656e2c6da9666ed11a4649043cd7e8199/src/freenet/clients/fcp/FCPConnectionInputHandler.java#L120,FIXME tidy up - coalesce with above and below try { } catch (MIE) {}'s?,Java,SATD
https://github.com/hyphanet/fred/blob/177fcd7700d41c40fa08179d20894130bfb57c36/src/freenet/client/async/ClientGetter.java#L196-L198,"FIXME synchronization is probably unnecessary.
 But we DEFINITELY do not want to synchronize while calling currentState.schedule(),
 which can call onSuccess and thereby almost anything.",Java,SATD
https://github.com/hyphanet/fred/blob/177fcd7700d41c40fa08179d20894130bfb57c36/src/freenet/client/async/ClientGetter.java#L742,FIXME not persisting binary blob stuff - any stream won't survive shutdown...,Java,SATD
https://github.com/hyphanet/fred/blob/177fcd7700d41c40fa08179d20894130bfb57c36/src/freenet/client/async/ClientGetter.java#L947-L949,"Ignore.
 FIXME implement when implement clearCooldown().
 It means everything that can be started has been started.",Java,SATD
https://github.com/hyphanet/fred/blob/177fcd7700d41c40fa08179d20894130bfb57c36/src/freenet/client/async/ClientGetter.java#L958,Ignore for now. FIXME.,Java,SATD
https://github.com/hyphanet/fred/blob/177fcd7700d41c40fa08179d20894130bfb57c36/src/freenet/client/async/SingleFileFetcher.java#L99-L105,"* Create a new SingleFileFetcher and register self.
	 * Called when following a redirect, or direct from ClientGet.
	 * FIXME: Many times where this is called internally we might be better off using a copy constructor?
	 * @param topCompatibilityMode
	 * @param topDontCompress
	 * @param hasInitialMetadata",Java,SATD
https://github.com/hyphanet/fred/blob/177fcd7700d41c40fa08179d20894130bfb57c36/src/freenet/client/async/SingleFileFetcher.java#L682-L684,"FIXME do we want to allow redirects to USKs?
 Without redirects to USKs, all SSK and CHKs are static.
 This may be a desirable property.",Java,SATD
https://github.com/hyphanet/fred/blob/177fcd7700d41c40fa08179d20894130bfb57c36/src/freenet/client/async/SingleFileFetcher.java#L839-L840,"FIXME arguable archive data is ""temporary"", but
 this will use ctx.maxOutputLength",Java,SATD
https://github.com/hyphanet/fred/blob/177fcd7700d41c40fa08179d20894130bfb57c36/src/freenet/client/async/SingleFileFetcher.java#L904,FIXME not strictly correct and unnecessary - archive size already checked against ctx.max*Length inside SingleFileFetcher,Java,SATD
https://github.com/hyphanet/fred/blob/177fcd7700d41c40fa08179d20894130bfb57c36/src/freenet/client/async/SingleFileFetcher.java#L1051-L1054,"does matter only on pre-1255 keys (1255 keys have top block sizes)
 FIXME would save at most few tics on decompression
 and block allocation;
 To be effective should try guess minimal possible size earlier by the number of segments",Java,SATD
https://github.com/hyphanet/fred/blob/177fcd7700d41c40fa08179d20894130bfb57c36/src/freenet/client/async/SingleFileFetcher.java#L1087,"FIXME: Pass an InputStream here, and save ourselves a Bucket",Java,SATD
https://github.com/hyphanet/fred/blob/177fcd7700d41c40fa08179d20894130bfb57c36/src/freenet/clients/http/ConnectionsToadlet.java#L255,FIXME! We need some nice images,Java,SATD
https://github.com/hyphanet/fred/blob/177fcd7700d41c40fa08179d20894130bfb57c36/src/freenet/clients/http/ConnectionsToadlet.java#L499,FIXME Fix O(n^2): Use Arrays.binarySearch or use a TreeMap.,Java,SATD
https://github.com/hyphanet/fred/blob/177fcd7700d41c40fa08179d20894130bfb57c36/src/freenet/clients/http/ConnectionsToadlet.java#L530,"@todo: add ""show these"" link",Java,SATD
https://github.com/hyphanet/fred/blob/177fcd7700d41c40fa08179d20894130bfb57c36/src/freenet/clients/http/ConnectionsToadlet.java#L533,"@todo: add ""hide these"" link",Java,SATD
https://github.com/hyphanet/fred/blob/177fcd7700d41c40fa08179d20894130bfb57c36/src/freenet/clients/http/ConnectionsToadlet.java#L535,@todo: change css class?,Java,SATD
https://github.com/hyphanet/fred/blob/177fcd7700d41c40fa08179d20894130bfb57c36/src/freenet/clients/http/ConnectionsToadlet.java#L655,FIXME: Layering violation. Ideally DarknetPeerNode would do this check.,Java,SATD
https://github.com/hyphanet/fred/blob/177fcd7700d41c40fa08179d20894130bfb57c36/src/freenet/clients/http/ConnectionsToadlet.java#L698-L699,"Split the references string, because the peers are added individually
 FIXME split by lines at this point rather than in addNewNode would be more efficient",Java,SATD
https://github.com/hyphanet/fred/blob/177fcd7700d41c40fa08179d20894130bfb57c36/src/freenet/clients/http/ConnectionsToadlet.java#L719-L720,"Try appending it - don't add a newline.
 This will make broken refs work sometimes.",Java,SATD
https://github.com/hyphanet/fred/blob/177fcd7700d41c40fa08179d20894130bfb57c36/src/freenet/clients/http/ConnectionsToadlet.java#L868,FIXME better way to deal with this sort of thing???,Java,SATD
https://github.com/hyphanet/fred/blob/177fcd7700d41c40fa08179d20894130bfb57c36/src/freenet/clients/http/ConnectionsToadlet.java#L1032,FIXME,Java,SATD
https://github.com/hyphanet/fred/blob/177fcd7700d41c40fa08179d20894130bfb57c36/src/freenet/clients/http/FProxyToadlet.java#L124,FIXME make this configurable (or get rid of prefetch support),Java,SATD
https://github.com/hyphanet/fred/blob/177fcd7700d41c40fa08179d20894130bfb57c36/src/freenet/clients/http/FProxyToadlet.java#L174,Horrible hack needed for GWT as it relies on document.write() which is not supported in xhtml,Java,SATD
https://github.com/hyphanet/fred/blob/177fcd7700d41c40fa08179d20894130bfb57c36/src/freenet/clients/http/FProxyToadlet.java#L195,FIXME: is this safe? See bug #131,Java,SATD
https://github.com/hyphanet/fred/blob/177fcd7700d41c40fa08179d20894130bfb57c36/src/freenet/clients/http/FProxyToadlet.java#L214,"FIXME Or false, false? Or true, true? We don't have filter for rss/atom anyway, so it will be useless - only more confusion and clicking for user. When we *will* have one, we can just get rid of this warning page.",Java,SATD
https://github.com/hyphanet/fred/blob/177fcd7700d41c40fa08179d20894130bfb57c36/src/freenet/clients/http/FProxyToadlet.java#L281-L282,"FIXME catch IOException here and tell the user there is a problem instead of just closing the connection.
 Currently there is no way to tell the difference between an IOE caused by the connection to the client and an internal one, we just close the connection in both cases.",Java,SATD
https://github.com/hyphanet/fred/blob/177fcd7700d41c40fa08179d20894130bfb57c36/src/freenet/clients/http/FProxyToadlet.java#L428-L431,"* Does the first 512 bytes of the data contain anything that Firefox might regard as RSS?
	 * This is a horrible evil hack; we shouldn't be doing blacklisting, we should be doing whitelisting.
	 * REDFLAG Expect future security issues!
	 * @throws IOException",Java,SATD
https://github.com/hyphanet/fred/blob/177fcd7700d41c40fa08179d20894130bfb57c36/src/freenet/clients/http/FProxyToadlet.java#L440,FIXME Fortunately firefox doesn't detect RSS in UTF16 etc ... yet,Java,SATD
https://github.com/hyphanet/fred/blob/177fcd7700d41c40fa08179d20894130bfb57c36/src/freenet/clients/http/FProxyToadlet.java#L542,TODO (pre-build 1045 url format) remove when obsolete,Java,SATD
https://github.com/hyphanet/fred/blob/177fcd7700d41c40fa08179d20894130bfb57c36/src/freenet/clients/http/FProxyToadlet.java#L631,"FIXME Maybe we should do this randomly, but since it's a DoS protection (in an obscure feature), if so we should do it in constant space!",Java,SATD
https://github.com/hyphanet/fred/blob/177fcd7700d41c40fa08179d20894130bfb57c36/src/freenet/clients/http/FProxyToadlet.java#L975,close enough - FIXME probably should depend on status code,Java,SATD
https://github.com/hyphanet/fred/blob/177fcd7700d41c40fa08179d20894130bfb57c36/src/freenet/clients/http/FProxyToadlet.java#L1004,"TODO: parse the Forwarded header, too. Skipped here to reduce the scope.",Java,SATD
https://github.com/hyphanet/fred/blob/177fcd7700d41c40fa08179d20894130bfb57c36/src/freenet/clients/http/FProxyToadlet.java#L1074,FIXME we do something similar in the GenericFilterCallback thingy?,Java,SATD
https://github.com/hyphanet/fred/blob/177fcd7700d41c40fa08179d20894130bfb57c36/src/freenet/clients/http/FProxyToadlet.java#L1117,FIXME how to change these on the fly when the interface language is changed?,Java,SATD
https://github.com/hyphanet/fred/blob/177fcd7700d41c40fa08179d20894130bfb57c36/src/freenet/clients/http/FProxyToadlet.java#L1312-L1313,"FIXME are MBytes and co valid? if so, we need to adjust the values and
 return always bytes",Java,SATD
https://github.com/hyphanet/fred/blob/177fcd7700d41c40fa08179d20894130bfb57c36/src/freenet/clients/http/SessionManager.java#L77-L85,"FIXME: The new constructor was written at 2010-11-15. Uncomment the following safety check after we gave plugins some time to migrate
	if(myCookiePath.getPath().equals(""/""))
		throw new IllegalArgumentException(""Illegal cookie path '/'. You should use the constructor which allows the specification"" +
			""of a namespace for using the global path."");
 TODO: Add further checks. 
mCookieDomain = myCookieDomain;",Java,SATD
https://github.com/hyphanet/fred/blob/177fcd7700d41c40fa08179d20894130bfb57c36/src/freenet/clients/http/SessionManager.java#L392-L400,"*
	 * Garbage-collects any expired sessions. Must be called before client-inteface functions do anything which relies on the existence a session,
	 * that is: creating sessions, using sessions or checking whether sessions exist.
	 * 
	 * FIXME: Before putting the session manager into fred, write a thread which periodically garbage collects old sessions - currently, sessions
	 * will only be garbage collected if any client continues using the SessiomManager
	 * 
	 * @param time The current time.",Java,SATD
https://github.com/hyphanet/fred/blob/177fcd7700d41c40fa08179d20894130bfb57c36/src/freenet/clients/http/SessionManager.java#L407,FIXME: Execute every few hours only.,Java,SATD
https://github.com/hyphanet/fred/blob/177fcd7700d41c40fa08179d20894130bfb57c36/src/freenet/io/NetworkInterface.java#L101,FIXME make configurable,Java,SATD
https://github.com/hyphanet/fred/blob/177fcd7700d41c40fa08179d20894130bfb57c36/src/freenet/node/NodeDispatcher.java#L402-L403,"FIXME remove, dirty logs.
 FIXME add a useralert?",Java,SATD
https://github.com/hyphanet/fred/blob/177fcd7700d41c40fa08179d20894130bfb57c36/src/freenet/node/NodeDispatcher.java#L458-L460,"FIXME check probablyInStore and if not, we can handle it inline.
 This and DatastoreChecker require that method be implemented...
 For now just handle everything on the thread...",Java,SATD
https://github.com/hyphanet/fred/blob/177fcd7700d41c40fa08179d20894130bfb57c36/src/freenet/node/NodeDispatcher.java#L575,SSKs don't fix bwlimitDelayTime so shouldn't be accepted when overloaded.,Java,SATD
https://github.com/hyphanet/fred/blob/177fcd7700d41c40fa08179d20894130bfb57c36/src/freenet/node/NodeDispatcher.java#L620,FIXME validate,Java,SATD
https://github.com/hyphanet/fred/blob/24fb0776467a9dc7c35457e8dbe1f070d51755f3/src/freenet/clients/http/ConnectionsToadlet.java#L255,FIXME! We need some nice images,Java,SATD
https://github.com/hyphanet/fred/blob/24fb0776467a9dc7c35457e8dbe1f070d51755f3/src/freenet/clients/http/ConnectionsToadlet.java#L499,FIXME Fix O(n^2): Use Arrays.binarySearch or use a TreeMap.,Java,SATD
https://github.com/hyphanet/fred/blob/24fb0776467a9dc7c35457e8dbe1f070d51755f3/src/freenet/clients/http/ConnectionsToadlet.java#L530,"@todo: add ""show these"" link",Java,SATD
https://github.com/hyphanet/fred/blob/24fb0776467a9dc7c35457e8dbe1f070d51755f3/src/freenet/clients/http/ConnectionsToadlet.java#L533,"@todo: add ""hide these"" link",Java,SATD
https://github.com/hyphanet/fred/blob/24fb0776467a9dc7c35457e8dbe1f070d51755f3/src/freenet/clients/http/ConnectionsToadlet.java#L535,@todo: change css class?,Java,SATD
https://github.com/hyphanet/fred/blob/24fb0776467a9dc7c35457e8dbe1f070d51755f3/src/freenet/clients/http/ConnectionsToadlet.java#L655,FIXME: Layering violation. Ideally DarknetPeerNode would do this check.,Java,SATD
https://github.com/hyphanet/fred/blob/24fb0776467a9dc7c35457e8dbe1f070d51755f3/src/freenet/clients/http/ConnectionsToadlet.java#L698-L699,"Split the references string, because the peers are added individually
 FIXME split by lines at this point rather than in addNewNode would be more efficient",Java,SATD
https://github.com/hyphanet/fred/blob/24fb0776467a9dc7c35457e8dbe1f070d51755f3/src/freenet/clients/http/ConnectionsToadlet.java#L719-L720,"Try appending it - don't add a newline.
 This will make broken refs work sometimes.",Java,SATD
https://github.com/hyphanet/fred/blob/24fb0776467a9dc7c35457e8dbe1f070d51755f3/src/freenet/clients/http/ConnectionsToadlet.java#L868,FIXME better way to deal with this sort of thing???,Java,SATD
https://github.com/hyphanet/fred/blob/24fb0776467a9dc7c35457e8dbe1f070d51755f3/src/freenet/clients/http/ConnectionsToadlet.java#L1032,FIXME,Java,SATD
https://github.com/hyphanet/fred/blob/24fb0776467a9dc7c35457e8dbe1f070d51755f3/src/freenet/io/NetworkInterface.java#L101,FIXME make configurable,Java,SATD
https://github.com/hyphanet/fred/blob/0df4cb302cf4f7e9c5abf1d54c8ee4b75b1858c0/src/freenet/node/PeerNode.java#L126,TODO: sync ?,Java,SATD
https://github.com/hyphanet/fred/blob/0df4cb302cf4f7e9c5abf1d54c8ee4b75b1858c0/src/freenet/node/PeerNode.java#L198,FIXME use a BooleanLastTrueTracker. Be careful as isRoutable() depends on more than this flag!,Java,SATD
https://github.com/hyphanet/fred/blob/0df4cb302cf4f7e9c5abf1d54c8ee4b75b1858c0/src/freenet/node/PeerNode.java#L229-L230,"* Semi-unique ID used to help in mapping the network (see the code that uses it). Note this is for diagnostic
	* purposes only and should be removed along with the code that uses it eventually - FIXME",Java,SATD
https://github.com/hyphanet/fred/blob/0df4cb302cf4f7e9c5abf1d54c8ee4b75b1858c0/src/freenet/node/PeerNode.java#L270,* FIXME: Used by the N2NChat plugin because the getter is protected!,Java,SATD
https://github.com/hyphanet/fred/blob/0df4cb302cf4f7e9c5abf1d54c8ee4b75b1858c0/src/freenet/node/PeerNode.java#L905,Hack for two nodes on the same IP that can't talk over inet for routing reasons,Java,SATD
https://github.com/hyphanet/fred/blob/0df4cb302cf4f7e9c5abf1d54c8ee4b75b1858c0/src/freenet/node/PeerNode.java#L1480,FIXME proper multi-homing support!,Java,SATD
https://github.com/hyphanet/fred/blob/0df4cb302cf4f7e9c5abf1d54c8ee4b75b1858c0/src/freenet/node/PeerNode.java#L1552,For now. FIXME try it with a lower probability when we're sure that the packet-deltas mechanisms works.,Java,SATD
https://github.com/hyphanet/fred/blob/0df4cb302cf4f7e9c5abf1d54c8ee4b75b1858c0/src/freenet/node/PeerNode.java#L1660-L1662,"Can't cancel yet can't send, something seriously wrong.
 Treat as fatal timeout as probably their fault.
 FIXME: We have already waited more than the no-messages timeout, but should we wait that period again???",Java,SATD
https://github.com/hyphanet/fred/blob/0df4cb302cf4f7e9c5abf1d54c8ee4b75b1858c0/src/freenet/node/PeerNode.java#L1874,FIXME?,Java,SATD
https://github.com/hyphanet/fred/blob/0df4cb302cf4f7e9c5abf1d54c8ee4b75b1858c0/src/freenet/node/PeerNode.java#L2001,FIXME: It looks like bogusNoderef will just be set to false a few lines later...,Java,SATD
https://github.com/hyphanet/fred/blob/0df4cb302cf4f7e9c5abf1d54c8ee4b75b1858c0/src/freenet/node/PeerNode.java#L2026,"FIXME this shouldn't happen, does it?",Java,SATD
https://github.com/hyphanet/fred/blob/0df4cb302cf4f7e9c5abf1d54c8ee4b75b1858c0/src/freenet/node/PeerNode.java#L2189,FIXME any way to reduce locking here?,Java,SATD
https://github.com/hyphanet/fred/blob/0df4cb302cf4f7e9c5abf1d54c8ee4b75b1858c0/src/freenet/node/PeerNode.java#L2425,FIXME should this be urgent if IPs change? Dunno.,Java,SATD
https://github.com/hyphanet/fred/blob/0df4cb302cf4f7e9c5abf1d54c8ee4b75b1858c0/src/freenet/node/PeerNode.java#L2560,"XXX should we trigger changedAnything on *any* change, or on just *addition* of new addresses",Java,SATD
https://github.com/hyphanet/fred/blob/0df4cb302cf4f7e9c5abf1d54c8ee4b75b1858c0/src/freenet/node/PeerNode.java#L2907-L2912,"Separate, mandatory backoff mechanism for when nodes are consistently sending unexpected soft rejects.
 E.g. when load management predicts GUARANTEED and yet we are rejected.
 This can happens when the peer's view of how many of our requests are running is different to our view.
 But there has not been a timeout, so we haven't called fatalTimeout() and reconnected.
 FIXME 3 different kinds of backoff? Can we get rid of some???",Java,SATD
https://github.com/hyphanet/fred/blob/0df4cb302cf4f7e9c5abf1d54c8ee4b75b1858c0/src/freenet/node/PeerNode.java#L3199,FIXME do we need this?,Java,SATD
https://github.com/hyphanet/fred/blob/0df4cb302cf4f7e9c5abf1d54c8ee4b75b1858c0/src/freenet/node/PeerNode.java#L3750,FIXME maybe the authenticator should be shorter than 32 bytes to save memory?,Java,SATD
https://github.com/hyphanet/fred/blob/0df4cb302cf4f7e9c5abf1d54c8ee4b75b1858c0/src/freenet/node/PeerNode.java#L3953-L3958,"*
	 * Get a single address to send a handshake to.
	 * The current code doesn't work well with multiple simulataneous handshakes.
	 * Alternates between valid values.
	 * (FIXME!)",Java,SATD
https://github.com/hyphanet/fred/blob/0df4cb302cf4f7e9c5abf1d54c8ee4b75b1858c0/src/freenet/node/PeerNode.java#L4058-L4066,"*
	 * A method to be called after completing a handshake to send the
	 * newly connected peer, as a differential node reference, the
	 * parts of our node reference not needed for handshake.
	 * Should only be called by completedHandshake() after we're happy
	 * with the connection
	 * 
	 * FIXME this should be sent when our noderef changes.",Java,SATD
https://github.com/hyphanet/fred/blob/0df4cb302cf4f7e9c5abf1d54c8ee4b75b1858c0/src/freenet/node/PeerNode.java#L4112-L4113,"Clock generally has 20ms granularity or better, right?
 FIXME determine the clock granularity.",Java,SATD
https://github.com/hyphanet/fred/blob/0df4cb302cf4f7e9c5abf1d54c8ee4b75b1858c0/src/freenet/node/PeerNode.java#L4128-L4131,"RFC 2988 specifies a 1 second minimum RTT, mostly due to legacy issues,
 but given that Freenet is mostly used on very slow upstream links, it 
 probably makes sense for us too for now, to avoid excessive retransmits.
 FIXME !!!",Java,SATD
https://github.com/hyphanet/fred/blob/0df4cb302cf4f7e9c5abf1d54c8ee4b75b1858c0/src/freenet/node/PeerNode.java#L4232,TODO: reimplement with a bit field to spare memory,Java,SATD
https://github.com/hyphanet/fred/blob/0df4cb302cf4f7e9c5abf1d54c8ee4b75b1858c0/src/freenet/node/PeerNode.java#L4382-L4383,"FIXME add LOW_CAPACITY/BROKEN. Set this when the published capacity is way below the median.
 FIXME will need to calculate the median first!",Java,SATD
https://github.com/hyphanet/fred/blob/0df4cb302cf4f7e9c5abf1d54c8ee4b75b1858c0/src/freenet/node/PeerNode.java#L4410-L4415,"FIXME the counter is a quick hack to ensure that the original ordering is preserved
 even after failures (transfer failures, backoffs).
 The real solution, which would likely result in simpler code as well as saving 
 a thread, is to make the wait loop in RequestSender asynchronous i.e. to not
 block at all there, but process the waiters in order in a callback when we get
 such a failure.",Java,SATD
https://github.com/hyphanet/fred/blob/0df4cb302cf4f7e9c5abf1d54c8ee4b75b1858c0/src/freenet/node/PeerNode.java#L4530-L4532,"Always wake up.
 Whether it's a backoff or a disconnect, we probably want to add another peer.
 FIXME get rid of parameter.",Java,SATD
https://github.com/hyphanet/fred/blob/0df4cb302cf4f7e9c5abf1d54c8ee4b75b1858c0/src/freenet/node/PeerNode.java#L4752,FIXME OPTIMISATION: arrange for empty stack trace,Java,SATD
https://github.com/hyphanet/fred/blob/0df4cb302cf4f7e9c5abf1d54c8ee4b75b1858c0/src/freenet/node/PeerNode.java#L4788-L4789,"FIXME better to use LRUMap?
 Would need to update it to use Iterator and other modern APIs in values(), and creating two objects here isn't THAT expensive on modern VMs...",Java,SATD
https://github.com/hyphanet/fred/blob/0df4cb302cf4f7e9c5abf1d54c8ee4b75b1858c0/src/freenet/node/PeerNode.java#L4907,"FIXME maybe wait a bit, check the other side's version first???",Java,SATD
https://github.com/hyphanet/fred/blob/0df4cb302cf4f7e9c5abf1d54c8ee4b75b1858c0/src/freenet/node/PeerNode.java#L4930-L4931,"FIXME on capacity changing so that we should add another node???
 FIXME on backoff so that we should add another node???",Java,SATD
https://github.com/hyphanet/fred/blob/0df4cb302cf4f7e9c5abf1d54c8ee4b75b1858c0/src/freenet/node/PeerNode.java#L5192-L5193,"FIXME implement! For now we just disconnect (no-op).
 A proper implementation requires new messages.",Java,SATD
https://github.com/hyphanet/fred/blob/0df4cb302cf4f7e9c5abf1d54c8ee4b75b1858c0/src/freenet/node/PeerNode.java#L5307,FIXME move this to PacketFormat eventually.,Java,SATD
https://github.com/hyphanet/fred/blob/0df4cb302cf4f7e9c5abf1d54c8ee4b75b1858c0/src/freenet/node/PeerNode.java#L5315,FIXME condition necessary???,Java,SATD
https://github.com/hyphanet/fred/blob/0df4cb302cf4f7e9c5abf1d54c8ee4b75b1858c0/src/freenet/node/PeerNode.java#L5395,FIXME possible?,Java,SATD
https://github.com/hyphanet/fred/blob/0df4cb302cf4f7e9c5abf1d54c8ee4b75b1858c0/src/freenet/node/PeerNode.java#L5456-L5457,"FIXME consider limiting the individual dependencies. 
 Not clear whether that would actually improve protection against DoS, given that transfer failures happen naturally anyway.",Java,SATD
https://github.com/hyphanet/fred/blob/0df4cb302cf4f7e9c5abf1d54c8ee4b75b1858c0/src/freenet/node/PeerNode.java#L5572-L5593,"* After 5 consecutive GUARANTEED soft rejections, we enter mandatory backoff.
	 * The reason why we don't immediately enter mandatory backoff is as follows:
	 * PROBLEM: Requests could have completed between the time when the request 
	 * was rejected and now.
	 * SOLUTION A: Tracking all possible requests which completed since the 
	 * request was sent. CON: This would be rather complex, and I'm not sure
	 * how well it would work when there are many requests in flight; would it
	 * even be possible without stopping sending requests after some arbitrary
	 * threshold? We might need a time element, and would probably need parameters...
	 * SOLUTION B: Enforcing a hard peer limit on both sides, as opposed to 
	 * accepting a request if the *current* usage, without the new request, is 
	 * over the limit. CON: This would break fairness between request types.
	 * 
	 * Of course, the problem with just using a counter is it may need to be 
	 * changed frequently ... FIXME create a better solution!
	 *
	 * Fortunately, this is pretty rare. It happens when e.g. we send an SSK,
	 * then we send a CHK, the messages are reordered and the CHK is accepted,
	 * and then the SSK is rejected. Both were GUARANTEED because if they 
	 * are accepted in order, thanks to the mechanism referred to in solution B,
	 * they will both be accepted.",Java,SATD
https://github.com/hyphanet/fred/blob/fa08513f81eccdfa271ad07bd19416c480e44325/src/freenet/node/PeerNode.java#L126,TODO: sync ?,Java,SATD
https://github.com/hyphanet/fred/blob/fa08513f81eccdfa271ad07bd19416c480e44325/src/freenet/node/PeerNode.java#L198,FIXME use a BooleanLastTrueTracker. Be careful as isRoutable() depends on more than this flag!,Java,SATD
https://github.com/hyphanet/fred/blob/fa08513f81eccdfa271ad07bd19416c480e44325/src/freenet/node/PeerNode.java#L229-L230,"* Semi-unique ID used to help in mapping the network (see the code that uses it). Note this is for diagnostic
	* purposes only and should be removed along with the code that uses it eventually - FIXME",Java,SATD
https://github.com/hyphanet/fred/blob/fa08513f81eccdfa271ad07bd19416c480e44325/src/freenet/node/PeerNode.java#L270,* FIXME: Used by the N2NChat plugin because the getter is protected!,Java,SATD
https://github.com/hyphanet/fred/blob/fa08513f81eccdfa271ad07bd19416c480e44325/src/freenet/node/PeerNode.java#L902,Hack for two nodes on the same IP that can't talk over inet for routing reasons,Java,SATD
https://github.com/hyphanet/fred/blob/fa08513f81eccdfa271ad07bd19416c480e44325/src/freenet/node/PeerNode.java#L1477,FIXME proper multi-homing support!,Java,SATD
https://github.com/hyphanet/fred/blob/fa08513f81eccdfa271ad07bd19416c480e44325/src/freenet/node/PeerNode.java#L1549,For now. FIXME try it with a lower probability when we're sure that the packet-deltas mechanisms works.,Java,SATD
https://github.com/hyphanet/fred/blob/fa08513f81eccdfa271ad07bd19416c480e44325/src/freenet/node/PeerNode.java#L1657-L1659,"Can't cancel yet can't send, something seriously wrong.
 Treat as fatal timeout as probably their fault.
 FIXME: We have already waited more than the no-messages timeout, but should we wait that period again???",Java,SATD
https://github.com/hyphanet/fred/blob/fa08513f81eccdfa271ad07bd19416c480e44325/src/freenet/node/PeerNode.java#L1871,FIXME?,Java,SATD
https://github.com/hyphanet/fred/blob/fa08513f81eccdfa271ad07bd19416c480e44325/src/freenet/node/PeerNode.java#L1998,FIXME: It looks like bogusNoderef will just be set to false a few lines later...,Java,SATD
https://github.com/hyphanet/fred/blob/fa08513f81eccdfa271ad07bd19416c480e44325/src/freenet/node/PeerNode.java#L2023,"FIXME this shouldn't happen, does it?",Java,SATD
https://github.com/hyphanet/fred/blob/fa08513f81eccdfa271ad07bd19416c480e44325/src/freenet/node/PeerNode.java#L2186,FIXME any way to reduce locking here?,Java,SATD
https://github.com/hyphanet/fred/blob/fa08513f81eccdfa271ad07bd19416c480e44325/src/freenet/node/PeerNode.java#L2422,FIXME should this be urgent if IPs change? Dunno.,Java,SATD
https://github.com/hyphanet/fred/blob/fa08513f81eccdfa271ad07bd19416c480e44325/src/freenet/node/PeerNode.java#L2557,"XXX should we trigger changedAnything on *any* change, or on just *addition* of new addresses",Java,SATD
https://github.com/hyphanet/fred/blob/fa08513f81eccdfa271ad07bd19416c480e44325/src/freenet/node/PeerNode.java#L2904-L2909,"Separate, mandatory backoff mechanism for when nodes are consistently sending unexpected soft rejects.
 E.g. when load management predicts GUARANTEED and yet we are rejected.
 This can happens when the peer's view of how many of our requests are running is different to our view.
 But there has not been a timeout, so we haven't called fatalTimeout() and reconnected.
 FIXME 3 different kinds of backoff? Can we get rid of some???",Java,SATD
https://github.com/hyphanet/fred/blob/fa08513f81eccdfa271ad07bd19416c480e44325/src/freenet/node/PeerNode.java#L3196,FIXME do we need this?,Java,SATD
https://github.com/hyphanet/fred/blob/fa08513f81eccdfa271ad07bd19416c480e44325/src/freenet/node/PeerNode.java#L3747,FIXME maybe the authenticator should be shorter than 32 bytes to save memory?,Java,SATD
https://github.com/hyphanet/fred/blob/fa08513f81eccdfa271ad07bd19416c480e44325/src/freenet/node/PeerNode.java#L3950-L3955,"*
	 * Get a single address to send a handshake to.
	 * The current code doesn't work well with multiple simulataneous handshakes.
	 * Alternates between valid values.
	 * (FIXME!)",Java,SATD
https://github.com/hyphanet/fred/blob/fa08513f81eccdfa271ad07bd19416c480e44325/src/freenet/node/PeerNode.java#L4055-L4063,"*
	 * A method to be called after completing a handshake to send the
	 * newly connected peer, as a differential node reference, the
	 * parts of our node reference not needed for handshake.
	 * Should only be called by completedHandshake() after we're happy
	 * with the connection
	 * 
	 * FIXME this should be sent when our noderef changes.",Java,SATD
https://github.com/hyphanet/fred/blob/fa08513f81eccdfa271ad07bd19416c480e44325/src/freenet/node/PeerNode.java#L4109-L4110,"Clock generally has 20ms granularity or better, right?
 FIXME determine the clock granularity.",Java,SATD
https://github.com/hyphanet/fred/blob/fa08513f81eccdfa271ad07bd19416c480e44325/src/freenet/node/PeerNode.java#L4125-L4128,"RFC 2988 specifies a 1 second minimum RTT, mostly due to legacy issues,
 but given that Freenet is mostly used on very slow upstream links, it 
 probably makes sense for us too for now, to avoid excessive retransmits.
 FIXME !!!",Java,SATD
https://github.com/hyphanet/fred/blob/fa08513f81eccdfa271ad07bd19416c480e44325/src/freenet/node/PeerNode.java#L4229,TODO: reimplement with a bit field to spare memory,Java,SATD
https://github.com/hyphanet/fred/blob/fa08513f81eccdfa271ad07bd19416c480e44325/src/freenet/node/PeerNode.java#L4379-L4380,"FIXME add LOW_CAPACITY/BROKEN. Set this when the published capacity is way below the median.
 FIXME will need to calculate the median first!",Java,SATD
https://github.com/hyphanet/fred/blob/fa08513f81eccdfa271ad07bd19416c480e44325/src/freenet/node/PeerNode.java#L4407-L4412,"FIXME the counter is a quick hack to ensure that the original ordering is preserved
 even after failures (transfer failures, backoffs).
 The real solution, which would likely result in simpler code as well as saving 
 a thread, is to make the wait loop in RequestSender asynchronous i.e. to not
 block at all there, but process the waiters in order in a callback when we get
 such a failure.",Java,SATD
https://github.com/hyphanet/fred/blob/fa08513f81eccdfa271ad07bd19416c480e44325/src/freenet/node/PeerNode.java#L4527-L4529,"Always wake up.
 Whether it's a backoff or a disconnect, we probably want to add another peer.
 FIXME get rid of parameter.",Java,SATD
https://github.com/hyphanet/fred/blob/fa08513f81eccdfa271ad07bd19416c480e44325/src/freenet/node/PeerNode.java#L4749,FIXME OPTIMISATION: arrange for empty stack trace,Java,SATD
https://github.com/hyphanet/fred/blob/fa08513f81eccdfa271ad07bd19416c480e44325/src/freenet/node/PeerNode.java#L4785-L4786,"FIXME better to use LRUMap?
 Would need to update it to use Iterator and other modern APIs in values(), and creating two objects here isn't THAT expensive on modern VMs...",Java,SATD
https://github.com/hyphanet/fred/blob/fa08513f81eccdfa271ad07bd19416c480e44325/src/freenet/node/PeerNode.java#L4904,"FIXME maybe wait a bit, check the other side's version first???",Java,SATD
https://github.com/hyphanet/fred/blob/fa08513f81eccdfa271ad07bd19416c480e44325/src/freenet/node/PeerNode.java#L4927-L4928,"FIXME on capacity changing so that we should add another node???
 FIXME on backoff so that we should add another node???",Java,SATD
https://github.com/hyphanet/fred/blob/fa08513f81eccdfa271ad07bd19416c480e44325/src/freenet/node/PeerNode.java#L5189-L5190,"FIXME implement! For now we just disconnect (no-op).
 A proper implementation requires new messages.",Java,SATD
https://github.com/hyphanet/fred/blob/fa08513f81eccdfa271ad07bd19416c480e44325/src/freenet/node/PeerNode.java#L5304,FIXME move this to PacketFormat eventually.,Java,SATD
https://github.com/hyphanet/fred/blob/fa08513f81eccdfa271ad07bd19416c480e44325/src/freenet/node/PeerNode.java#L5312,FIXME condition necessary???,Java,SATD
https://github.com/hyphanet/fred/blob/fa08513f81eccdfa271ad07bd19416c480e44325/src/freenet/node/PeerNode.java#L5392,FIXME possible?,Java,SATD
https://github.com/hyphanet/fred/blob/fa08513f81eccdfa271ad07bd19416c480e44325/src/freenet/node/PeerNode.java#L5453-L5454,"FIXME consider limiting the individual dependencies. 
 Not clear whether that would actually improve protection against DoS, given that transfer failures happen naturally anyway.",Java,SATD
https://github.com/hyphanet/fred/blob/fa08513f81eccdfa271ad07bd19416c480e44325/src/freenet/node/PeerNode.java#L5569-L5590,"* After 5 consecutive GUARANTEED soft rejections, we enter mandatory backoff.
	 * The reason why we don't immediately enter mandatory backoff is as follows:
	 * PROBLEM: Requests could have completed between the time when the request 
	 * was rejected and now.
	 * SOLUTION A: Tracking all possible requests which completed since the 
	 * request was sent. CON: This would be rather complex, and I'm not sure
	 * how well it would work when there are many requests in flight; would it
	 * even be possible without stopping sending requests after some arbitrary
	 * threshold? We might need a time element, and would probably need parameters...
	 * SOLUTION B: Enforcing a hard peer limit on both sides, as opposed to 
	 * accepting a request if the *current* usage, without the new request, is 
	 * over the limit. CON: This would break fairness between request types.
	 * 
	 * Of course, the problem with just using a counter is it may need to be 
	 * changed frequently ... FIXME create a better solution!
	 *
	 * Fortunately, this is pretty rare. It happens when e.g. we send an SSK,
	 * then we send a CHK, the messages are reordered and the CHK is accepted,
	 * and then the SSK is rejected. Both were GUARANTEED because if they 
	 * are accepted in order, thanks to the mechanism referred to in solution B,
	 * they will both be accepted.",Java,SATD
https://github.com/hyphanet/fred/blob/07c1dbd853139ecea8350e5327e6b479cc3bd578/src/freenet/node/PeerNode.java#L125,TODO: sync ?,Java,SATD
https://github.com/hyphanet/fred/blob/07c1dbd853139ecea8350e5327e6b479cc3bd578/src/freenet/node/PeerNode.java#L197,FIXME use a BooleanLastTrueTracker. Be careful as isRoutable() depends on more than this flag!,Java,SATD
https://github.com/hyphanet/fred/blob/07c1dbd853139ecea8350e5327e6b479cc3bd578/src/freenet/node/PeerNode.java#L228-L229,"* Semi-unique ID used to help in mapping the network (see the code that uses it). Note this is for diagnostic
	* purposes only and should be removed along with the code that uses it eventually - FIXME",Java,SATD
https://github.com/hyphanet/fred/blob/07c1dbd853139ecea8350e5327e6b479cc3bd578/src/freenet/node/PeerNode.java#L269,* FIXME: Used by the N2NChat plugin because the getter is protected!,Java,SATD
https://github.com/hyphanet/fred/blob/07c1dbd853139ecea8350e5327e6b479cc3bd578/src/freenet/node/PeerNode.java#L901,Hack for two nodes on the same IP that can't talk over inet for routing reasons,Java,SATD
https://github.com/hyphanet/fred/blob/07c1dbd853139ecea8350e5327e6b479cc3bd578/src/freenet/node/PeerNode.java#L1476,FIXME proper multi-homing support!,Java,SATD
https://github.com/hyphanet/fred/blob/07c1dbd853139ecea8350e5327e6b479cc3bd578/src/freenet/node/PeerNode.java#L1548,For now. FIXME try it with a lower probability when we're sure that the packet-deltas mechanisms works.,Java,SATD
https://github.com/hyphanet/fred/blob/07c1dbd853139ecea8350e5327e6b479cc3bd578/src/freenet/node/PeerNode.java#L1656-L1658,"Can't cancel yet can't send, something seriously wrong.
 Treat as fatal timeout as probably their fault.
 FIXME: We have already waited more than the no-messages timeout, but should we wait that period again???",Java,SATD
https://github.com/hyphanet/fred/blob/07c1dbd853139ecea8350e5327e6b479cc3bd578/src/freenet/node/PeerNode.java#L1870,FIXME?,Java,SATD
https://github.com/hyphanet/fred/blob/07c1dbd853139ecea8350e5327e6b479cc3bd578/src/freenet/node/PeerNode.java#L1997,FIXME: It looks like bogusNoderef will just be set to false a few lines later...,Java,SATD
https://github.com/hyphanet/fred/blob/07c1dbd853139ecea8350e5327e6b479cc3bd578/src/freenet/node/PeerNode.java#L2022,"FIXME this shouldn't happen, does it?",Java,SATD
https://github.com/hyphanet/fred/blob/07c1dbd853139ecea8350e5327e6b479cc3bd578/src/freenet/node/PeerNode.java#L2185,FIXME any way to reduce locking here?,Java,SATD
https://github.com/hyphanet/fred/blob/07c1dbd853139ecea8350e5327e6b479cc3bd578/src/freenet/node/PeerNode.java#L2421,FIXME should this be urgent if IPs change? Dunno.,Java,SATD
https://github.com/hyphanet/fred/blob/07c1dbd853139ecea8350e5327e6b479cc3bd578/src/freenet/node/PeerNode.java#L2556,"XXX should we trigger changedAnything on *any* change, or on just *addition* of new addresses",Java,SATD
https://github.com/hyphanet/fred/blob/07c1dbd853139ecea8350e5327e6b479cc3bd578/src/freenet/node/PeerNode.java#L2903-L2908,"Separate, mandatory backoff mechanism for when nodes are consistently sending unexpected soft rejects.
 E.g. when load management predicts GUARANTEED and yet we are rejected.
 This can happens when the peer's view of how many of our requests are running is different to our view.
 But there has not been a timeout, so we haven't called fatalTimeout() and reconnected.
 FIXME 3 different kinds of backoff? Can we get rid of some???",Java,SATD
https://github.com/hyphanet/fred/blob/07c1dbd853139ecea8350e5327e6b479cc3bd578/src/freenet/node/PeerNode.java#L3195,FIXME do we need this?,Java,SATD
https://github.com/hyphanet/fred/blob/07c1dbd853139ecea8350e5327e6b479cc3bd578/src/freenet/node/PeerNode.java#L3746,FIXME maybe the authenticator should be shorter than 32 bytes to save memory?,Java,SATD
https://github.com/hyphanet/fred/blob/07c1dbd853139ecea8350e5327e6b479cc3bd578/src/freenet/node/PeerNode.java#L3949-L3954,"*
	 * Get a single address to send a handshake to.
	 * The current code doesn't work well with multiple simulataneous handshakes.
	 * Alternates between valid values.
	 * (FIXME!)",Java,SATD
https://github.com/hyphanet/fred/blob/07c1dbd853139ecea8350e5327e6b479cc3bd578/src/freenet/node/PeerNode.java#L4054-L4062,"*
	 * A method to be called after completing a handshake to send the
	 * newly connected peer, as a differential node reference, the
	 * parts of our node reference not needed for handshake.
	 * Should only be called by completedHandshake() after we're happy
	 * with the connection
	 * 
	 * FIXME this should be sent when our noderef changes.",Java,SATD
https://github.com/hyphanet/fred/blob/07c1dbd853139ecea8350e5327e6b479cc3bd578/src/freenet/node/PeerNode.java#L4108-L4109,"Clock generally has 20ms granularity or better, right?
 FIXME determine the clock granularity.",Java,SATD
https://github.com/hyphanet/fred/blob/07c1dbd853139ecea8350e5327e6b479cc3bd578/src/freenet/node/PeerNode.java#L4124-L4127,"RFC 2988 specifies a 1 second minimum RTT, mostly due to legacy issues,
 but given that Freenet is mostly used on very slow upstream links, it 
 probably makes sense for us too for now, to avoid excessive retransmits.
 FIXME !!!",Java,SATD
https://github.com/hyphanet/fred/blob/07c1dbd853139ecea8350e5327e6b479cc3bd578/src/freenet/node/PeerNode.java#L4228,TODO: reimplement with a bit field to spare memory,Java,SATD
https://github.com/hyphanet/fred/blob/07c1dbd853139ecea8350e5327e6b479cc3bd578/src/freenet/node/PeerNode.java#L4378-L4379,"FIXME add LOW_CAPACITY/BROKEN. Set this when the published capacity is way below the median.
 FIXME will need to calculate the median first!",Java,SATD
https://github.com/hyphanet/fred/blob/07c1dbd853139ecea8350e5327e6b479cc3bd578/src/freenet/node/PeerNode.java#L4406-L4411,"FIXME the counter is a quick hack to ensure that the original ordering is preserved
 even after failures (transfer failures, backoffs).
 The real solution, which would likely result in simpler code as well as saving 
 a thread, is to make the wait loop in RequestSender asynchronous i.e. to not
 block at all there, but process the waiters in order in a callback when we get
 such a failure.",Java,SATD
https://github.com/hyphanet/fred/blob/07c1dbd853139ecea8350e5327e6b479cc3bd578/src/freenet/node/PeerNode.java#L4526-L4528,"Always wake up.
 Whether it's a backoff or a disconnect, we probably want to add another peer.
 FIXME get rid of parameter.",Java,SATD
https://github.com/hyphanet/fred/blob/07c1dbd853139ecea8350e5327e6b479cc3bd578/src/freenet/node/PeerNode.java#L4748,FIXME OPTIMISATION: arrange for empty stack trace,Java,SATD
https://github.com/hyphanet/fred/blob/07c1dbd853139ecea8350e5327e6b479cc3bd578/src/freenet/node/PeerNode.java#L4784-L4785,"FIXME better to use LRUMap?
 Would need to update it to use Iterator and other modern APIs in values(), and creating two objects here isn't THAT expensive on modern VMs...",Java,SATD
https://github.com/hyphanet/fred/blob/07c1dbd853139ecea8350e5327e6b479cc3bd578/src/freenet/node/PeerNode.java#L4903,"FIXME maybe wait a bit, check the other side's version first???",Java,SATD
https://github.com/hyphanet/fred/blob/07c1dbd853139ecea8350e5327e6b479cc3bd578/src/freenet/node/PeerNode.java#L4926-L4927,"FIXME on capacity changing so that we should add another node???
 FIXME on backoff so that we should add another node???",Java,SATD
https://github.com/hyphanet/fred/blob/07c1dbd853139ecea8350e5327e6b479cc3bd578/src/freenet/node/PeerNode.java#L5188-L5189,"FIXME implement! For now we just disconnect (no-op).
 A proper implementation requires new messages.",Java,SATD
https://github.com/hyphanet/fred/blob/07c1dbd853139ecea8350e5327e6b479cc3bd578/src/freenet/node/PeerNode.java#L5303,FIXME move this to PacketFormat eventually.,Java,SATD
https://github.com/hyphanet/fred/blob/07c1dbd853139ecea8350e5327e6b479cc3bd578/src/freenet/node/PeerNode.java#L5311,FIXME condition necessary???,Java,SATD
https://github.com/hyphanet/fred/blob/07c1dbd853139ecea8350e5327e6b479cc3bd578/src/freenet/node/PeerNode.java#L5391,FIXME possible?,Java,SATD
https://github.com/hyphanet/fred/blob/07c1dbd853139ecea8350e5327e6b479cc3bd578/src/freenet/node/PeerNode.java#L5452-L5453,"FIXME consider limiting the individual dependencies. 
 Not clear whether that would actually improve protection against DoS, given that transfer failures happen naturally anyway.",Java,SATD
https://github.com/hyphanet/fred/blob/07c1dbd853139ecea8350e5327e6b479cc3bd578/src/freenet/node/PeerNode.java#L5568-L5589,"* After 5 consecutive GUARANTEED soft rejections, we enter mandatory backoff.
	 * The reason why we don't immediately enter mandatory backoff is as follows:
	 * PROBLEM: Requests could have completed between the time when the request 
	 * was rejected and now.
	 * SOLUTION A: Tracking all possible requests which completed since the 
	 * request was sent. CON: This would be rather complex, and I'm not sure
	 * how well it would work when there are many requests in flight; would it
	 * even be possible without stopping sending requests after some arbitrary
	 * threshold? We might need a time element, and would probably need parameters...
	 * SOLUTION B: Enforcing a hard peer limit on both sides, as opposed to 
	 * accepting a request if the *current* usage, without the new request, is 
	 * over the limit. CON: This would break fairness between request types.
	 * 
	 * Of course, the problem with just using a counter is it may need to be 
	 * changed frequently ... FIXME create a better solution!
	 *
	 * Fortunately, this is pretty rare. It happens when e.g. we send an SSK,
	 * then we send a CHK, the messages are reordered and the CHK is accepted,
	 * and then the SSK is rejected. Both were GUARANTEED because if they 
	 * are accepted in order, thanks to the mechanism referred to in solution B,
	 * they will both be accepted.",Java,SATD
https://github.com/Netflix/genie/blob/41a43768882be59d72275b248a37961398d41930/genie-web/src/main/java/com/netflix/genie/web/apis/rest/v3/controllers/JobRestController.java#L363,TODO: refactor this ad-hoc checks into a component allowing more flexible logic (and can be replaced/extended),Java,SATD
https://github.com/Netflix/genie/blob/41a43768882be59d72275b248a37961398d41930/genie-web/src/test/java/com/netflix/genie/web/apis/rest/v3/controllers/JobRestControllerTest.java#L94,TODO move these tests over to JobRestControllerSpec,Java,SATD
https://github.com/Netflix/genie/blob/1566e8fa5565b4a4567bd91578f2d03cded6c7b8/genie-common-internal/src/main/java/com/netflix/genie/common/internal/aws/s3/S3ClientFactory.java#L148-L149,"Create a token service client to use if we ever need to assume a role
 TODO: Perhaps this should be just set to null if the bucket properties are empty as we'll never need it?",Java,SATD
https://github.com/Netflix/genie/blob/1566e8fa5565b4a4567bd91578f2d03cded6c7b8/genie-common-internal/src/main/java/com/netflix/genie/common/internal/aws/s3/S3ClientFactory.java#L245,TODO: Do something about allowing ClientConfiguration to be passed in,Java,SATD
https://github.com/Netflix/genie/blob/1566e8fa5565b4a4567bd91578f2d03cded6c7b8/genie-common-internal/src/main/java/com/netflix/genie/common/internal/aws/s3/S3ClientFactory.java#L253,TODO: Perhaps rename with more detailed info?,Java,SATD
https://github.com/Netflix/genie/blob/81f36f93b02fe47ee78493039fc1a8dd8c3154eb/genie-web/src/main/java/com/netflix/genie/web/agent/launchers/impl/TitusAgentLauncherImpl.java#L456,TODO: Address defaults?,Java,SATD
https://github.com/nocproject/noc/blob/8db2eced25f62f1549a8c79147bef92fbd5a1258/sa/profiles/Generic/get_interfaces.py#L246,For subinterfaces like Fa 0/1.XXX,Python,SATD
https://github.com/nocproject/noc/blob/6c8688d7fb379822d28bde7bd6c9d96cdd0ab769/core/fm/event.py#L181,For Clickhouse before 23.XXX,Python,SATD
https://github.com/nocproject/noc/blob/6c8688d7fb379822d28bde7bd6c9d96cdd0ab769/services/correlator/service.py#L134,@fixme have to be configured ?,Python,SATD
https://github.com/nocproject/noc/blob/6c8688d7fb379822d28bde7bd6c9d96cdd0ab769/services/correlator/service.py#L526,@todo: Make configurable,Python,SATD
https://github.com/nocproject/noc/blob/6c8688d7fb379822d28bde7bd6c9d96cdd0ab769/services/correlator/service.py#L635,@todo: Fix,Python,SATD
https://github.com/nocproject/noc/blob/6c8688d7fb379822d28bde7bd6c9d96cdd0ab769/services/correlator/service.py#L844,@todo: Rewrite to scheduler,Python,SATD
https://github.com/nocproject/noc/blob/6c8688d7fb379822d28bde7bd6c9d96cdd0ab769/services/correlator/service.py#L1322,@todo bulk alarm method,Python,SATD
https://github.com/nocproject/noc/blob/6c8688d7fb379822d28bde7bd6c9d96cdd0ab769/services/correlator/service.py#L1816,@todo Update datastream ?,Python,SATD
https://github.com/nocproject/noc/blob/5f7b60e4397bf0caa6d74d0006f52b30578ec9f0/fm/models/activealarm.py#L1448-L1449,"Go down the slot
 @todo: CU slots?",Python,SATD
https://github.com/nocproject/noc/blob/5f7b60e4397bf0caa6d74d0006f52b30578ec9f0/services/correlator/service.py#L134,@fixme have to be configured ?,Python,SATD
https://github.com/nocproject/noc/blob/5f7b60e4397bf0caa6d74d0006f52b30578ec9f0/services/correlator/service.py#L527,@todo: Make configurable,Python,SATD
https://github.com/nocproject/noc/blob/5f7b60e4397bf0caa6d74d0006f52b30578ec9f0/services/correlator/service.py#L636,@todo: Fix,Python,SATD
https://github.com/nocproject/noc/blob/5f7b60e4397bf0caa6d74d0006f52b30578ec9f0/services/correlator/service.py#L846,@todo: Rewrite to scheduler,Python,SATD
https://github.com/nocproject/noc/blob/5f7b60e4397bf0caa6d74d0006f52b30578ec9f0/services/correlator/service.py#L1324,@todo bulk alarm method,Python,SATD
https://github.com/nocproject/noc/blob/5f7b60e4397bf0caa6d74d0006f52b30578ec9f0/services/correlator/service.py#L1818,@todo Update datastream ?,Python,SATD
https://github.com/nocproject/noc/blob/8715516a81ea3251f1fd96f5e7f4b79f155e26bf/.gitlab-ci.yml#L112-L113,"# Get list of changed files
# @todo: Deprecated, remove in future",YAML,SATD
https://github.com/nocproject/noc/blob/f77814d312e4e79efdf56ef8d6c5f6acd811a58a/pyproject.toml#L77,"# Always autofix, but never try to fix `F401` (unused imports).",Unknown,SATD
https://github.com/nocproject/noc/blob/f77814d312e4e79efdf56ef8d6c5f6acd811a58a/pyproject.toml#L78,#fix = true,Unknown,SATD
https://github.com/nocproject/noc/blob/dd7d5d17abc7164e54b064bc2af0c763870e5843/commands/beef.py#L475,@todo: Input,Python,SATD
https://github.com/nocproject/noc/blob/dd7d5d17abc7164e54b064bc2af0c763870e5843/pyproject.toml#L77,"# Always autofix, but never try to fix `F401` (unused imports).",Unknown,SATD
https://github.com/nocproject/noc/blob/dd7d5d17abc7164e54b064bc2af0c763870e5843/pyproject.toml#L78,#fix = true,Unknown,SATD
https://github.com/nocproject/noc/blob/f042e97b3e812ce99ff146f0e79e0cff1d3f50c6/ui/web/main/desktop/HeaderPanel.js#L93,fix: fake field for Chrome ignores autocomplete=“off”,JavaScript,SATD
https://github.com/nocproject/noc/blob/c2ae940162ed8fba20e3ebf943961e48a451256c/.gitlab-ci.yml#L112-L113,"# Get list of changed files
# @todo: Deprecated, remove in future",YAML,SATD
https://github.com/nocproject/noc/blob/ec45a38205bd6eb2b9a6e23b4fd15b732a450fca/core/change/change.py#L101,@todo ManagedObject address change,Python,SATD
https://github.com/nocproject/noc/blob/ec45a38205bd6eb2b9a6e23b4fd15b732a450fca/sa/models/service.py#L720,@todo Detect Alarm Status,Python,SATD
https://github.com/nocproject/noc/blob/ec45a38205bd6eb2b9a6e23b4fd15b732a450fca/sa/models/service.py#L733,@todo Add exclude instance,Python,SATD
https://github.com/nocproject/noc/blob/ec45a38205bd6eb2b9a6e23b4fd15b732a450fca/services/web/apps/inv/interface/views.py#L170-L172,"Physical interfaces
 @todo: proper ordering
 style_cache = {}  # profile_id -> css_style",Python,SATD
https://github.com/nocproject/noc/blob/2b50e6664a5aed58b1f8c5c3e3de781f4539748c/sa/models/discoveredobject.py#L234,ToDO Rule Settings,Python,SATD
https://github.com/nocproject/noc/blob/2b50e6664a5aed58b1f8c5c3e3de781f4539748c/sa/models/discoveredobject.py#L778,Fix duplicate objects,Python,SATD
https://github.com/nocproject/noc/blob/2b50e6664a5aed58b1f8c5c3e3de781f4539748c/sa/models/discoveredobject.py#L971,@todo Skip data if not in source,Python,SATD
https://github.com/nocproject/noc/blob/2b50e6664a5aed58b1f8c5c3e3de781f4539748c/ui/web/sa/objectdiscoveryrule/Application.js#L62,"tooltip: ""Preference"", - broken in ExtJS 5.1",JavaScript,SATD
https://github.com/nocproject/noc/blob/186ba08969879ee2634e2722d621ffd035acc88f/core/etl/loader/base.py#L266,@todo: Die,Python,SATD
https://github.com/nocproject/noc/blob/186ba08969879ee2634e2722d621ffd035acc88f/core/etl/loader/base.py#L850,@todo: Get proper mappings,Python,SATD
https://github.com/nocproject/noc/blob/9dd43365bb4ae11a62df53634dcdceb705dc38c2/services/web/base/application.py#L119,@fixme remove,Python,SATD
https://github.com/nocproject/noc/blob/33b5ea3cedf0be59f899a684953a4c00cddf5f18/fm/models/activealarm.py#L1448-L1449,"Go down the slot
 @todo: CU slots?",Python,SATD
https://github.com/nocproject/noc/blob/601963fd891a0a42acadd3127423b77e0d1d71e3/services/correlator/service.py#L134,@fixme have to be configured ?,Python,SATD
https://github.com/nocproject/noc/blob/601963fd891a0a42acadd3127423b77e0d1d71e3/services/correlator/service.py#L527,@todo: Make configurable,Python,SATD
https://github.com/nocproject/noc/blob/601963fd891a0a42acadd3127423b77e0d1d71e3/services/correlator/service.py#L636,@todo: Fix,Python,SATD
https://github.com/nocproject/noc/blob/601963fd891a0a42acadd3127423b77e0d1d71e3/services/correlator/service.py#L846,@todo: Rewrite to scheduler,Python,SATD
https://github.com/nocproject/noc/blob/601963fd891a0a42acadd3127423b77e0d1d71e3/services/correlator/service.py#L1324,@todo bulk alarm method,Python,SATD
https://github.com/nocproject/noc/blob/601963fd891a0a42acadd3127423b77e0d1d71e3/services/correlator/service.py#L1818,@todo Update datastream ?,Python,SATD
https://github.com/nocproject/noc/blob/9853bef50b2ea1bed16e658b244892240f355d60/core/change/change.py#L101,@todo ManagedObject address change,Python,SATD
https://github.com/nocproject/noc/blob/7fb2494182246a70561d8220b7b4e424434fb4ed/.gitlab-ci.yml#L111-L112,"# Get list of changed files
# @todo: Deprecated, remove in future",YAML,SATD
https://github.com/nocproject/noc/blob/7fb2494182246a70561d8220b7b4e424434fb4ed/pyproject.toml#L179,"# Always autofix, but never try to fix `F401` (unused imports).",Unknown,SATD
https://github.com/nocproject/noc/blob/7fb2494182246a70561d8220b7b4e424434fb4ed/pyproject.toml#L180,#fix = true,Unknown,SATD
https://github.com/nocproject/noc/blob/5a522cc492a81498dc5d057e1c4eb8c18d23da2b/core/clickhouse/model.py#L781,@todo: !!!,Python,SATD
https://github.com/nocproject/noc/blob/5a522cc492a81498dc5d057e1c4eb8c18d23da2b/pm/models/metricscope.py#L400,Strip for float value xxx.,Python,SATD
https://github.com/nocproject/noc/blob/23210330b4e274f4fe2dc606c8b9097aa9b2b6cf/sa/profiles/DLink/DxS/get_interfaces.py#L549,TODO: Parse secondary IPv4 address and IPv6 address,Python,SATD
https://github.com/nocproject/noc/blob/8d394c4ea3d1d85f12215e262f382ed935594291/sa/models/managedobject.py#L1313,@todo: Rewrite,Python,SATD
https://github.com/nocproject/noc/blob/8d394c4ea3d1d85f12215e262f382ed935594291/sa/models/managedobject.py#L1526-L1527,"Pass data through the validation filter, if given
 @todo: Replace with config validation policy",Python,SATD
https://github.com/nocproject/noc/blob/8d394c4ea3d1d85f12215e262f382ed935594291/sa/models/managedobject.py#L2003-L2004,"Check syntax
 @todo: PostgreSQL syntax differs from python one",Python,SATD
https://github.com/nocproject/noc/blob/8d394c4ea3d1d85f12215e262f382ed935594291/sa/models/managedobjectprofile.py#L230-L231,"@todo: Name validation function
 FM settings",Python,SATD
https://github.com/nocproject/noc/blob/a9df77597b8d8647120ec9300c08587307379642/sa/models/managedobject.py#L1315,@todo: Rewrite,Python,SATD
https://github.com/nocproject/noc/blob/a9df77597b8d8647120ec9300c08587307379642/sa/models/managedobject.py#L1528-L1529,"Pass data through the validation filter, if given
 @todo: Replace with config validation policy",Python,SATD
https://github.com/nocproject/noc/blob/a9df77597b8d8647120ec9300c08587307379642/sa/models/managedobject.py#L1893-L1894,"Check syntax
 @todo: PostgreSQL syntax differs from python one",Python,SATD
https://github.com/nocproject/noc/blob/a9df77597b8d8647120ec9300c08587307379642/sa/models/managedobjectprofile.py#L230-L231,"@todo: Name validation function
 FM settings",Python,SATD
https://github.com/nocproject/noc/blob/a9df77597b8d8647120ec9300c08587307379642/services/web/apps/sa/managedobject/views.py#L418,@todo Добавить исключение (только этот) !ID,Python,SATD
https://github.com/nocproject/noc/blob/a9df77597b8d8647120ec9300c08587307379642/services/web/apps/sa/managedobject/views.py#L437,TODO This functionality is not implemented in frontend,Python,SATD
https://github.com/nocproject/noc/blob/a9df77597b8d8647120ec9300c08587307379642/services/web/apps/sa/managedobject/views.py#L708-L709,"Physical interfaces
 @todo: proper ordering",Python,SATD
https://github.com/nocproject/noc/blob/a9df77597b8d8647120ec9300c08587307379642/services/web/apps/sa/managedobject/views.py#L1101,@todo: Check access,Python,SATD
https://github.com/nocproject/noc/blob/a9df77597b8d8647120ec9300c08587307379642/services/web/apps/sa/managedobject/views.py#L1230-L1233,"CPE
 @todo: proper ordering
 default_state = ResourceState.get_default()
 style_cache = {}  # profile_id -> css_style",Python,SATD
https://github.com/nocproject/noc/blob/451068fbe39d0d6f0816bd7e6dc5d48e437fcf79/sa/profiles/Juniper/JUNOS/profile.py#L185,"Cut first line with ""show XXX...""",Python,SATD
https://github.com/nocproject/noc/blob/fee802bd2a4a07ce224749fbad61c57959988903/core/dcs/consul.py#L428,@todo: Handle errors,Python,SATD
https://github.com/nocproject/noc/blob/b01940838d5ffc07d3f585e1676b6450df462605/pyproject.toml#L179,"# Always autofix, but never try to fix `F401` (unused imports).",Unknown,SATD
https://github.com/nocproject/noc/blob/b01940838d5ffc07d3f585e1676b6450df462605/pyproject.toml#L180,#fix = true,Unknown,SATD
https://github.com/nocproject/noc/blob/4cdce4d9273c7d41f957fe07a0372a53cc424533/core/fm/event.py#L187,For Clickhouse before 23.XXX,Python,SATD
https://github.com/nocproject/noc/blob/b0ea21cffd4726adf09d172f2255a6dfc503e10e/aaa/models/permission.py#L208,@todo: add implied permissions,Python,SATD
https://github.com/nocproject/noc/blob/b0ea21cffd4726adf09d172f2255a6dfc503e10e/dns/models/dnszone.py#L85,@todo: Rename to is_provisioned,Python,SATD
https://github.com/nocproject/noc/blob/b0ea21cffd4726adf09d172f2255a6dfc503e10e/dns/models/dnszone.py#L235,@todo: Impelement properly,Python,SATD
https://github.com/nocproject/noc/blob/b0ea21cffd4726adf09d172f2255a6dfc503e10e/dns/models/dnszone.py#L267,Hack to not send post_save signal,Python,SATD
https://github.com/nocproject/noc/blob/b0ea21cffd4726adf09d172f2255a6dfc503e10e/fm/models/mib.py#L354,@todo: Fix ugly hack,Python,SATD
https://github.com/nocproject/noc/blob/b0ea21cffd4726adf09d172f2255a6dfc503e10e/fm/models/ttsystem.py#L66,@fixme make it configurable,Python,SATD
https://github.com/nocproject/noc/blob/b0ea21cffd4726adf09d172f2255a6dfc503e10e/inv/models/objectmodel.py#L505,Fix connections,Python,SATD
https://github.com/nocproject/noc/blob/b0ea21cffd4726adf09d172f2255a6dfc503e10e/inv/models/objectmodel.py#L753-L754,"Check compatibility
 @todo: Consider compatible types",Python,SATD
https://github.com/nocproject/noc/blob/b0ea21cffd4726adf09d172f2255a6dfc503e10e/inv/models/objectmodel.py#L826,@todo: Update connections,Python,SATD
https://github.com/nocproject/noc/blob/b0ea21cffd4726adf09d172f2255a6dfc503e10e/inv/models/objectmodel.py#L830,Connection is broken,Python,SATD
https://github.com/nocproject/noc/blob/b0ea21cffd4726adf09d172f2255a6dfc503e10e/ip/models/prefix.py#L614-L616,"@todo: Rebase bookmarks
 @todo: Update caches
 Return rebased prefix",Python,SATD
https://github.com/nocproject/noc/blob/b0ea21cffd4726adf09d172f2255a6dfc503e10e/ip/models/prefix.py#L732,Fix for ipv6,Python,SATD
https://github.com/nocproject/noc/blob/b0ea21cffd4726adf09d172f2255a6dfc503e10e/sa/models/managedobject.py#L1315,@todo: Rewrite,Python,SATD
https://github.com/nocproject/noc/blob/b0ea21cffd4726adf09d172f2255a6dfc503e10e/sa/models/managedobject.py#L1528-L1529,"Pass data through the validation filter, if given
 @todo: Replace with config validation policy",Python,SATD
https://github.com/nocproject/noc/blob/b0ea21cffd4726adf09d172f2255a6dfc503e10e/sa/models/managedobject.py#L1893-L1894,"Check syntax
 @todo: PostgreSQL syntax differs from python one",Python,SATD
https://github.com/nocproject/noc/blob/b0ea21cffd4726adf09d172f2255a6dfc503e10e/sa/models/managedobjectprofile.py#L230-L231,"@todo: Name validation function
 FM settings",Python,SATD
https://github.com/nocproject/noc/blob/8cba052495a81b6dbc5c8d53ffadf790efd8b225/pyproject.toml#L179,"# Always autofix, but never try to fix `F401` (unused imports).",Unknown,SATD
https://github.com/nocproject/noc/blob/8cba052495a81b6dbc5c8d53ffadf790efd8b225/pyproject.toml#L180,#fix = true,Unknown,SATD
https://github.com/nocproject/noc/blob/03a370419bb71547b0556855cde49e0c5bd2fa8c/.gitlab-ci.yml#L111-L112,"# Get list of changed files
# @todo: Deprecated, remove in future",YAML,SATD
https://github.com/nocproject/noc/blob/03a370419bb71547b0556855cde49e0c5bd2fa8c/commands/l3-topology.py#L81,@todo: Check graphvis,Python,SATD
https://github.com/nocproject/noc/blob/03a370419bb71547b0556855cde49e0c5bd2fa8c/core/pm/utils.py#L616,@todo Left Join,Python,SATD
https://github.com/nocproject/noc/blob/03a370419bb71547b0556855cde49e0c5bd2fa8c/core/script/base.py#L213,@todo: Get native encoding from ManagedObject,Python,SATD
https://github.com/nocproject/noc/blob/03a370419bb71547b0556855cde49e0c5bd2fa8c/core/script/base.py#L955-L956,"Disable pager when necessary
 @todo: Move to CLI",Python,SATD
https://github.com/nocproject/noc/blob/03a370419bb71547b0556855cde49e0c5bd2fa8c/core/script/cli/telnet.py#L178-L179,"Process IAC SB ... SE sequence
 @todo: Use .partition()",Python,SATD
https://github.com/nocproject/noc/blob/03a370419bb71547b0556855cde49e0c5bd2fa8c/core/service/deps/user.py#L60,@todo: Check user's active scopes against {scopes.scopes},Python,SATD
https://github.com/nocproject/noc/blob/03a370419bb71547b0556855cde49e0c5bd2fa8c/core/techdomain/controller/base.py#L412,Broken channel,Python,SATD
https://github.com/nocproject/noc/blob/03a370419bb71547b0556855cde49e0c5bd2fa8c/core/techdomain/controller/otn_oms.py#L246,@todo: Remove hanging endpoints,Python,SATD
https://github.com/nocproject/noc/blob/03a370419bb71547b0556855cde49e0c5bd2fa8c/main/models/customfield.py#L159-L160,"@todo: Use django's capabilities to generate SQL
 field.db_type ?",Python,SATD
https://github.com/nocproject/noc/blob/03a370419bb71547b0556855cde49e0c5bd2fa8c/pm/models/metricscope.py#L400,Strip for float value xxx.,Python,SATD
https://github.com/nocproject/noc/blob/03a370419bb71547b0556855cde49e0c5bd2fa8c/pyproject.toml#L179,"# Always autofix, but never try to fix `F401` (unused imports).",Unknown,SATD
https://github.com/nocproject/noc/blob/03a370419bb71547b0556855cde49e0c5bd2fa8c/pyproject.toml#L180,#fix = true,Unknown,SATD
https://github.com/nocproject/noc/blob/03a370419bb71547b0556855cde49e0c5bd2fa8c/sa/models/service.py#L720,@todo Detect Alarm Status,Python,SATD
https://github.com/nocproject/noc/blob/03a370419bb71547b0556855cde49e0c5bd2fa8c/sa/models/service.py#L733,@todo Add exclude instance,Python,SATD
https://github.com/nocproject/noc/blob/03a370419bb71547b0556855cde49e0c5bd2fa8c/sa/profiles/3Com/4500/get_switchport.py#L41-L42,"TODO
 Get 802.1ad status if supported",Python,SATD
https://github.com/nocproject/noc/blob/03a370419bb71547b0556855cde49e0c5bd2fa8c/sa/profiles/Cisco/IOS/get_spanning_tree.py#L45,@todo: detect P2P properly,Python,SATD
https://github.com/nocproject/noc/blob/03a370419bb71547b0556855cde49e0c5bd2fa8c/sa/profiles/Cisco/IOS/get_spanning_tree.py#L57,@todo: refine states,Python,SATD
https://github.com/nocproject/noc/blob/03a370419bb71547b0556855cde49e0c5bd2fa8c/sa/profiles/Cisco/IOS/get_spanning_tree.py#L73,@todo: refine roles,Python,SATD
https://github.com/nocproject/noc/blob/03a370419bb71547b0556855cde49e0c5bd2fa8c/sa/profiles/Cisco/SMB/get_interfaces.py#L68-L70,"TODO: ipv6 interfaces
 Get portchannes",Python,SATD
https://github.com/nocproject/noc/blob/03a370419bb71547b0556855cde49e0c5bd2fa8c/sa/profiles/Cisco/SMB/get_spanning_tree.py#L53,@todo: refine roles,Python,SATD
https://github.com/nocproject/noc/blob/03a370419bb71547b0556855cde49e0c5bd2fa8c/sa/profiles/Cisco/SMB/get_spanning_tree.py#L68,@todo: refine states,Python,SATD
https://github.com/nocproject/noc/blob/03a370419bb71547b0556855cde49e0c5bd2fa8c/sa/profiles/Force10/FTOS/get_spanning_tree.py#L77,@todo: refine states,Python,SATD
https://github.com/nocproject/noc/blob/03a370419bb71547b0556855cde49e0c5bd2fa8c/sa/profiles/Force10/FTOS/get_spanning_tree.py#L106,@todo: refine roles,Python,SATD
https://github.com/nocproject/noc/blob/03a370419bb71547b0556855cde49e0c5bd2fa8c/sa/profiles/HP/1905/get_switchport.py#L36-L37,"TODO
 Get 802.1ad status if supported",Python,SATD
https://github.com/nocproject/noc/blob/03a370419bb71547b0556855cde49e0c5bd2fa8c/sa/profiles/HP/1910/get_interfaces.py#L77-L82,"Get L3 interfaces
 TODO Get router interfaces
 ospfs = self.get_ospfint()
 rips = self.get_ripint()
 bgps = self.get_bgpint()",Python,SATD
https://github.com/nocproject/noc/blob/03a370419bb71547b0556855cde49e0c5bd2fa8c/sa/profiles/HP/1910/get_switchport.py#L41-L42,"TODO
 Get 802.1ad status if supported",Python,SATD
https://github.com/nocproject/noc/blob/03a370419bb71547b0556855cde49e0c5bd2fa8c/sa/profiles/HP/ProCurve/get_spanning_tree.py#L157,@todo: refine states,Python,SATD
https://github.com/nocproject/noc/blob/03a370419bb71547b0556855cde49e0c5bd2fa8c/sa/profiles/HP/ProCurve/get_spanning_tree.py#L171,@todo: refine roles,Python,SATD
https://github.com/nocproject/noc/blob/03a370419bb71547b0556855cde49e0c5bd2fa8c/sa/profiles/Huawei/VRP/get_spanning_tree.py#L55,@todo: refine roles,Python,SATD
https://github.com/nocproject/noc/blob/03a370419bb71547b0556855cde49e0c5bd2fa8c/sa/profiles/Huawei/VRP/get_spanning_tree.py#L65,@todo: refine states,Python,SATD
https://github.com/nocproject/noc/blob/03a370419bb71547b0556855cde49e0c5bd2fa8c/sa/profiles/Linksys/SRW/profile.py#L15,@todo supercli mode (Ctrl+Z lcli),Python,SATD
https://github.com/nocproject/noc/blob/03a370419bb71547b0556855cde49e0c5bd2fa8c/sa/profiles/Nateks/FlexGainACE24/get_version.py#L42-L45,"FIX  в N.1.1.401.38 нет SN и получить его нереально ?
 rx_eeprom = re.compile(
  r"".*SN                 : S/N: (?P<sn>[^ ,]+)\n""
  , re.MULTILINE | re.DOTALL | re.IGNORECASE)",Python,SATD
https://github.com/nocproject/noc/blob/03a370419bb71547b0556855cde49e0c5bd2fa8c/sa/profiles/Nateks/FlexGainACE24/get_version.py#L57-L60,"FIX  в N.1.1.401.38 нет SN и получить его нереально ?
 v2 = self.cli(""get sys eeprom256"", cached=True)
 matcheeprom = self.re_search(self.rx_eeprom, v2)
 platform  = version1.split(""."")[3]",Python,SATD
https://github.com/nocproject/noc/blob/03a370419bb71547b0556855cde49e0c5bd2fa8c/sa/profiles/Qtech/QSW/get_interfaces.py#L77-L78,"TODO
 Get portchannes",Python,SATD
https://github.com/nocproject/noc/blob/03a370419bb71547b0556855cde49e0c5bd2fa8c/sa/profiles/Qtech/QSW/get_interfaces.py#L164,TODO Get router interfaces,Python,SATD
https://github.com/nocproject/noc/blob/03a370419bb71547b0556855cde49e0c5bd2fa8c/sa/profiles/Supertel/K2X/get_switchport.py#L27,TODO,Python,SATD
https://github.com/nocproject/noc/blob/03a370419bb71547b0556855cde49e0c5bd2fa8c/services/card/cards/managedobject.py#L76,@todo: Address data,Python,SATD
https://github.com/nocproject/noc/blob/03a370419bb71547b0556855cde49e0c5bd2fa8c/services/card/cards/managedobject.py#L87-L89,"@todo: Stage
 @todo: Service range
 @todo: Open TT",Python,SATD
https://github.com/nocproject/noc/blob/03a370419bb71547b0556855cde49e0c5bd2fa8c/services/card/cards/managedobject.py#L282-L283,"@todo: Administrative domain path
 Alarms",Python,SATD
https://github.com/nocproject/noc/blob/03a370419bb71547b0556855cde49e0c5bd2fa8c/services/discovery/jobs/box/asset.py#L642,"@todo rename sensors, need sensor_num for deduplicate",Python,SATD
https://github.com/nocproject/noc/blob/03a370419bb71547b0556855cde49e0c5bd2fa8c/services/discovery/jobs/box/asset.py#L836,Temporary fix,Python,SATD
https://github.com/nocproject/noc/blob/03a370419bb71547b0556855cde49e0c5bd2fa8c/services/nbi/paths/telemetry.py#L91-L92,"@todo: Check timestamp
 @todo: Check value type",Python,SATD
https://github.com/nocproject/noc/blob/03a370419bb71547b0556855cde49e0c5bd2fa8c/services/selfmon/collectors/fm.py#L73,"@todo alarm source: Ping, Discovery, Syslog, SNMPTrap",Python,SATD
https://github.com/nocproject/noc/blob/03a370419bb71547b0556855cde49e0c5bd2fa8c/services/selfmon/collectors/inventory.py#L19,@todo by POOL / Adm Domain,Python,SATD
https://github.com/nocproject/noc/blob/03a370419bb71547b0556855cde49e0c5bd2fa8c/services/web/apps/ip/reportoverview/views.py#L20,% fixme rewrite to separate file,Python,SATD
https://github.com/nocproject/noc/blob/03a370419bb71547b0556855cde49e0c5bd2fa8c/services/web/base/reportdatasources/report_discoveryresult.py#L27,@todo from managedobjectprofile,Python,SATD
https://github.com/nocproject/noc/blob/03a370419bb71547b0556855cde49e0c5bd2fa8c/services/web/base/reportdatasources/report_discoveryresult.py#L104,@todo check match,Python,SATD
https://github.com/nocproject/noc/blob/03a370419bb71547b0556855cde49e0c5bd2fa8c/vc/models/vlantemplate.py#L113,@todo L2Domain pools filter ?,Python,SATD
https://github.com/nocproject/noc/blob/ca607e549b128adc660cdeecdd365e767372e212/pyproject.toml#L179,"# Always autofix, but never try to fix `F401` (unused imports).",Unknown,SATD
https://github.com/nocproject/noc/blob/ca607e549b128adc660cdeecdd365e767372e212/pyproject.toml#L180,#fix = true,Unknown,SATD
https://github.com/nocproject/noc/blob/7d929f118861f0b894c97a66808be7d52c9b762e/core/config/proto/consul.py#L66,"fix if value is """" - return '""""'",Python,SATD
https://github.com/nocproject/noc/blob/7d929f118861f0b894c97a66808be7d52c9b762e/core/diagnostic/hub.py#L337-L338,"Hack for refresh diagnostic Hub on object
 For fix it may be use set __diagnostics to object diagnostic",Python,SATD
https://github.com/nocproject/noc/blob/7d929f118861f0b894c97a66808be7d52c9b762e/core/profile/diagnostic.py#L123,@todo: process MAYBE rule,Python,SATD
https://github.com/nocproject/noc/blob/7d929f118861f0b894c97a66808be7d52c9b762e/core/snmp/get.py#L205,Try to mitigate broken item,Python,SATD
https://github.com/nocproject/noc/blob/7d929f118861f0b894c97a66808be7d52c9b762e/fm/models/activealarm.py#L1448-L1449,"Go down the slot
 @todo: CU slots?",Python,SATD
https://github.com/nocproject/noc/blob/7d929f118861f0b894c97a66808be7d52c9b762e/fm/models/escalationprofile.py#L387,@todo options after end sequence,Python,SATD
https://github.com/nocproject/noc/blob/7d929f118861f0b894c97a66808be7d52c9b762e/inv/models/object.py#L372,@todo: Replace with proper implementation,Python,SATD
https://github.com/nocproject/noc/blob/7d929f118861f0b894c97a66808be7d52c9b762e/inv/models/objectmodel.py#L505,Fix connections,Python,SATD
https://github.com/nocproject/noc/blob/7d929f118861f0b894c97a66808be7d52c9b762e/inv/models/objectmodel.py#L753-L754,"Check compatibility
 @todo: Consider compatible types",Python,SATD
https://github.com/nocproject/noc/blob/7d929f118861f0b894c97a66808be7d52c9b762e/inv/models/objectmodel.py#L826,@todo: Update connections,Python,SATD
https://github.com/nocproject/noc/blob/7d929f118861f0b894c97a66808be7d52c9b762e/inv/models/objectmodel.py#L830,Connection is broken,Python,SATD
https://github.com/nocproject/noc/blob/7d929f118861f0b894c97a66808be7d52c9b762e/pyproject.toml#L179,"# Always autofix, but never try to fix `F401` (unused imports).",Unknown,SATD
https://github.com/nocproject/noc/blob/7d929f118861f0b894c97a66808be7d52c9b762e/pyproject.toml#L180,#fix = true,Unknown,SATD
https://github.com/nocproject/noc/blob/7d929f118861f0b894c97a66808be7d52c9b762e/sa/models/managedobject.py#L1315,@todo: Rewrite,Python,SATD
https://github.com/nocproject/noc/blob/7d929f118861f0b894c97a66808be7d52c9b762e/sa/models/managedobject.py#L1528-L1529,"Pass data through the validation filter, if given
 @todo: Replace with config validation policy",Python,SATD
https://github.com/nocproject/noc/blob/7d929f118861f0b894c97a66808be7d52c9b762e/sa/models/managedobject.py#L1893-L1894,"Check syntax
 @todo: PostgreSQL syntax differs from python one",Python,SATD
https://github.com/nocproject/noc/blob/7d929f118861f0b894c97a66808be7d52c9b762e/sa/profiles/DLink/DxS/get_interfaces.py#L549,TODO: Parse secondary IPv4 address and IPv6 address,Python,SATD
https://github.com/nocproject/noc/blob/7d929f118861f0b894c97a66808be7d52c9b762e/sa/profiles/HP/1910/get_dom_status.py#L20,TODO !!!!!!!!!!!!!!!!!!!!!!!!!!!!!!!!!!!!!!!!!!!,Python,SATD
https://github.com/nocproject/noc/blob/7d929f118861f0b894c97a66808be7d52c9b762e/sa/profiles/Qtech/QSW/get_switchport.py#L31-L33,"TODO
 Get portchannels
 portchannels = self.scripts.get_portchannel()",Python,SATD
https://github.com/nocproject/noc/blob/7d929f118861f0b894c97a66808be7d52c9b762e/sa/profiles/Qtech/QSW/get_switchport.py#L45-L46,"TODO
 Get 802.1ad status if supported",Python,SATD
https://github.com/nocproject/noc/blob/7d929f118861f0b894c97a66808be7d52c9b762e/services/bi/paths/bi.py#L301,@todo: Filter by groups,Python,SATD
https://github.com/nocproject/noc/blob/7d929f118861f0b894c97a66808be7d52c9b762e/services/bi/paths/bi.py#L354,@todo: Generate title,Python,SATD
https://github.com/nocproject/noc/blob/7d929f118861f0b894c97a66808be7d52c9b762e/services/bi/paths/bi.py#L486,@todo username - list groups for user,Python,SATD
https://github.com/nocproject/noc/blob/7d929f118861f0b894c97a66808be7d52c9b762e/services/bi/paths/bi.py#L546,@todo Clear rights (protect Admin rights?),Python,SATD
https://github.com/nocproject/noc/blob/7d929f118861f0b894c97a66808be7d52c9b762e/services/web/apps/inv/inv/plugins/channel.py#L331-L332,"Check all controllers
 @todo: Offload to the thread pools",Python,SATD
https://github.com/nocproject/noc/blob/7d929f118861f0b894c97a66808be7d52c9b762e/services/web/apps/inv/inv/plugins/channel.py#L365,@todo: Replace with message,Python,SATD
https://github.com/nocproject/noc/blob/57d8b68a44c2511f821c4aeaedd4c8ff435c6e31/aaa/migrations/0006_user_fix_language.py#L1-L8,"----------------------------------------------------------------------
 Fix User.preferred_language defaults
 ----------------------------------------------------------------------
 Copyright (C) 2007-2019 The NOC Project
 See LICENSE for details
 ----------------------------------------------------------------------
 NOC modules",Python,SATD
https://github.com/nocproject/noc/blob/57d8b68a44c2511f821c4aeaedd4c8ff435c6e31/aaa/models/permission.py#L205,@todo: add implied permissions,Python,SATD
https://github.com/nocproject/noc/blob/57d8b68a44c2511f821c4aeaedd4c8ff435c6e31/bi/models/dashboard.py#L113-L114,"Deduplicate rights
 @todo changing priority (reverse order)",Python,SATD
https://github.com/nocproject/noc/blob/57d8b68a44c2511f821c4aeaedd4c8ff435c6e31/commands/beef.py#L475,@todo: Input,Python,SATD
https://github.com/nocproject/noc/blob/57d8b68a44c2511f821c4aeaedd4c8ff435c6e31/commands/fix.py#L1-L8,"----------------------------------------------------------------------
 fix command
 ----------------------------------------------------------------------
 Copyright (C) 2007-2019 The NOC Project
 See LICENSE for details
 ----------------------------------------------------------------------
 Python modules",Python,SATD
https://github.com/nocproject/noc/blob/57d8b68a44c2511f821c4aeaedd4c8ff435c6e31/commands/import-rancid.py#L300,@todo: Resolve,Python,SATD
https://github.com/nocproject/noc/blob/57d8b68a44c2511f821c4aeaedd4c8ff435c6e31/core/bi/query.py#L190,@todo: a?b:c,Python,SATD
https://github.com/nocproject/noc/blob/57d8b68a44c2511f821c4aeaedd4c8ff435c6e31/core/datastream/base.py#L230,@todo Save empty list ?,Python,SATD
https://github.com/nocproject/noc/blob/57d8b68a44c2511f821c4aeaedd4c8ff435c6e31/core/defer.py#L62,@todo: Really pass to defer?,Python,SATD
https://github.com/nocproject/noc/blob/57d8b68a44c2511f821c4aeaedd4c8ff435c6e31/core/diagnostic/hub.py#L334-L335,"Hack for refresh diagnostic Hub on object
 For fix it may be use set __diagnostics to object diagnostic",Python,SATD
https://github.com/nocproject/noc/blob/57d8b68a44c2511f821c4aeaedd4c8ff435c6e31/core/http/client.py#L315,@todo: Process gzip and deflate Content-Encoding,Python,SATD
https://github.com/nocproject/noc/blob/57d8b68a44c2511f821c4aeaedd4c8ff435c6e31/core/profile/base.py#L59,Fix binary attributes,Python,SATD
https://github.com/nocproject/noc/blob/57d8b68a44c2511f821c4aeaedd4c8ff435c6e31/core/profile/base.py#L69,Fix command_more,Python,SATD
https://github.com/nocproject/noc/blob/57d8b68a44c2511f821c4aeaedd4c8ff435c6e31/core/profile/base.py#L114,@todo: Deprecated,Python,SATD
https://github.com/nocproject/noc/blob/57d8b68a44c2511f821c4aeaedd4c8ff435c6e31/core/scheduler/periodicjob.py#L35,Remove broken job,Python,SATD
https://github.com/nocproject/noc/blob/57d8b68a44c2511f821c4aeaedd4c8ff435c6e31/core/script/base.py#L209,@todo: Get native encoding from ManagedObject,Python,SATD
https://github.com/nocproject/noc/blob/57d8b68a44c2511f821c4aeaedd4c8ff435c6e31/core/script/base.py#L948-L949,"Disable pager when necessary
 @todo: Move to CLI",Python,SATD
https://github.com/nocproject/noc/blob/57d8b68a44c2511f821c4aeaedd4c8ff435c6e31/core/script/loader.py#L74,Fix generic's module,Python,SATD
https://github.com/nocproject/noc/blob/57d8b68a44c2511f821c4aeaedd4c8ff435c6e31/core/service/base.py#L224,@todo: Duplicates config.setup_logging,Python,SATD
https://github.com/nocproject/noc/blob/57d8b68a44c2511f821c4aeaedd4c8ff435c6e31/core/service/base.py#L583,@todo: Restart on failure,Python,SATD
https://github.com/nocproject/noc/blob/57d8b68a44c2511f821c4aeaedd4c8ff435c6e31/core/techdomain/controller/otn_odu.py#L62,@todo: Check for OTU trails from same card,Python,SATD
https://github.com/nocproject/noc/blob/57d8b68a44c2511f821c4aeaedd4c8ff435c6e31/core/techdomain/controller/otn_odu.py#L79,@todo: Pass through profile controller,Python,SATD
https://github.com/nocproject/noc/blob/57d8b68a44c2511f821c4aeaedd4c8ff435c6e31/core/techdomain/controller/otn_otu.py#L169,@todo: add lambdas from transceiver,Python,SATD
https://github.com/nocproject/noc/blob/57d8b68a44c2511f821c4aeaedd4c8ff435c6e31/core/topology/base.py#L413,@todo: Calculate new positions,Python,SATD
https://github.com/nocproject/noc/blob/57d8b68a44c2511f821c4aeaedd4c8ff435c6e31/core/topology/layout/ring.py#L55-L56,"@todo: get first node
 Angle between ring nodes",Python,SATD
https://github.com/nocproject/noc/blob/57d8b68a44c2511f821c4aeaedd4c8ff435c6e31/core/topology/map/segment.py#L249-L250,"@todo: Workaround for empty uplinks
 Get uplinks for cloud nodes",Python,SATD
https://github.com/nocproject/noc/blob/57d8b68a44c2511f821c4aeaedd4c8ff435c6e31/dns/models/dnszone.py#L85,@todo: Rename to is_provisioned,Python,SATD
https://github.com/nocproject/noc/blob/57d8b68a44c2511f821c4aeaedd4c8ff435c6e31/dns/models/dnszone.py#L234,@todo: Impelement properly,Python,SATD
https://github.com/nocproject/noc/blob/57d8b68a44c2511f821c4aeaedd4c8ff435c6e31/dns/models/dnszone.py#L266,Hack to not send post_save signal,Python,SATD
https://github.com/nocproject/noc/blob/57d8b68a44c2511f821c4aeaedd4c8ff435c6e31/fm/models/activealarm.py#L1443-L1444,"Go down the slot
 @todo: CU slots?",Python,SATD
https://github.com/nocproject/noc/blob/57d8b68a44c2511f821c4aeaedd4c8ff435c6e31/fm/models/archivedalarm.py#L241,@todo: Clear related correlator jobs,Python,SATD
https://github.com/nocproject/noc/blob/57d8b68a44c2511f821c4aeaedd4c8ff435c6e31/fm/models/escalationprofile.py#L385,@todo options after end sequence,Python,SATD
https://github.com/nocproject/noc/blob/57d8b68a44c2511f821c4aeaedd4c8ff435c6e31/fm/models/ttsystem.py#L64,@fixme make it configurable,Python,SATD
https://github.com/nocproject/noc/blob/57d8b68a44c2511f821c4aeaedd4c8ff435c6e31/gis/models/address.py#L172,@todo: cmp_addr,Python,SATD
https://github.com/nocproject/noc/blob/57d8b68a44c2511f821c4aeaedd4c8ff435c6e31/gis/models/entrance.py#L21,@todo: Managing company,Python,SATD
https://github.com/nocproject/noc/blob/57d8b68a44c2511f821c4aeaedd4c8ff435c6e31/ip/models/prefix.py#L613-L615,"@todo: Rebase bookmarks
 @todo: Update caches
 Return rebased prefix",Python,SATD
https://github.com/nocproject/noc/blob/57d8b68a44c2511f821c4aeaedd4c8ff435c6e31/ip/models/prefix.py#L731,Fix for ipv6,Python,SATD
https://github.com/nocproject/noc/blob/57d8b68a44c2511f821c4aeaedd4c8ff435c6e31/main/models/reportsubscription.py#L164,@todo: Configurable,Python,SATD
https://github.com/nocproject/noc/blob/57d8b68a44c2511f821c4aeaedd4c8ff435c6e31/pm/models/thresholdprofile.py#L113,@todo: on_delete_check for ManagedObjectProfile,Python,SATD
https://github.com/nocproject/noc/blob/57d8b68a44c2511f821c4aeaedd4c8ff435c6e31/pyproject.toml#L179,"# Always autofix, but never try to fix `F401` (unused imports).",Unknown,SATD
https://github.com/nocproject/noc/blob/57d8b68a44c2511f821c4aeaedd4c8ff435c6e31/pyproject.toml#L180,#fix = true,Unknown,SATD
https://github.com/nocproject/noc/blob/57d8b68a44c2511f821c4aeaedd4c8ff435c6e31/sa/interfaces/igetbeef.py#L35,@todo: Replace with UUID parameter,Python,SATD
https://github.com/nocproject/noc/blob/57d8b68a44c2511f821c4aeaedd4c8ff435c6e31/sa/interfaces/igetbeef.py#L40,@todo: Replace with UUID,Python,SATD
https://github.com/nocproject/noc/blob/57d8b68a44c2511f821c4aeaedd4c8ff435c6e31/sa/interfaces/igetinventory.py#L73-L75,"Sensor operational status
 True - ok (agent can obtain the sensor value)
 False - nonoperational (agent believes the sensor is broken)",Python,SATD
https://github.com/nocproject/noc/blob/57d8b68a44c2511f821c4aeaedd4c8ff435c6e31/sa/models/managedobject.py#L1308,@todo: Rewrite,Python,SATD
https://github.com/nocproject/noc/blob/57d8b68a44c2511f821c4aeaedd4c8ff435c6e31/sa/models/managedobject.py#L1521-L1522,"Pass data through the validation filter, if given
 @todo: Replace with config validation policy",Python,SATD
https://github.com/nocproject/noc/blob/57d8b68a44c2511f821c4aeaedd4c8ff435c6e31/sa/models/managedobject.py#L1886-L1887,"Check syntax
 @todo: PostgreSQL syntax differs from python one",Python,SATD
https://github.com/nocproject/noc/blob/57d8b68a44c2511f821c4aeaedd4c8ff435c6e31/sa/models/managedobjectprofile.py#L230-L231,"@todo: Name validation function
 FM settings",Python,SATD
https://github.com/nocproject/noc/blob/57d8b68a44c2511f821c4aeaedd4c8ff435c6e31/sa/models/service.py#L716,@todo Detect Alarm Status,Python,SATD
https://github.com/nocproject/noc/blob/57d8b68a44c2511f821c4aeaedd4c8ff435c6e31/sa/models/service.py#L729,@todo Add exclude instance,Python,SATD
https://github.com/nocproject/noc/blob/57d8b68a44c2511f821c4aeaedd4c8ff435c6e31/sa/profiles/Brocade/ADX/get_interfaces.py#L73,XXX,Python,SATD
https://github.com/nocproject/noc/blob/57d8b68a44c2511f821c4aeaedd4c8ff435c6e31/sa/profiles/Cisco/IOS/get_interfaces.py#L109,NOC-378 - Dirty hack for interface like ATM0/IMA0,Python,SATD
https://github.com/nocproject/noc/blob/57d8b68a44c2511f821c4aeaedd4c8ff435c6e31/sa/profiles/Cisco/IOS/get_spanning_tree.py#L45,@todo: detect P2P properly,Python,SATD
https://github.com/nocproject/noc/blob/57d8b68a44c2511f821c4aeaedd4c8ff435c6e31/sa/profiles/Cisco/IOS/get_spanning_tree.py#L57,@todo: refine states,Python,SATD
https://github.com/nocproject/noc/blob/57d8b68a44c2511f821c4aeaedd4c8ff435c6e31/sa/profiles/Cisco/IOS/get_spanning_tree.py#L73,@todo: refine roles,Python,SATD
https://github.com/nocproject/noc/blob/57d8b68a44c2511f821c4aeaedd4c8ff435c6e31/sa/profiles/Cisco/IOS/set_switchport.py#L64,@todo: set vlan only when necessary,Python,SATD
https://github.com/nocproject/noc/blob/57d8b68a44c2511f821c4aeaedd4c8ff435c6e31/sa/profiles/Cisco/SMB/get_spanning_tree.py#L53,@todo: refine roles,Python,SATD
https://github.com/nocproject/noc/blob/57d8b68a44c2511f821c4aeaedd4c8ff435c6e31/sa/profiles/Cisco/SMB/get_spanning_tree.py#L68,@todo: refine states,Python,SATD
https://github.com/nocproject/noc/blob/57d8b68a44c2511f821c4aeaedd4c8ff435c6e31/sa/profiles/Eltex/MES/set_switchport.py#L63,@todo: set vlan only when necessary,Python,SATD
https://github.com/nocproject/noc/blob/57d8b68a44c2511f821c4aeaedd4c8ff435c6e31/sa/profiles/Generic/get_metrics.py#L235,@todo: Check read access,Python,SATD
https://github.com/nocproject/noc/blob/57d8b68a44c2511f821c4aeaedd4c8ff435c6e31/sa/profiles/HP/1910/set_switchport.py#L63,@todo: set vlan only when necessary,Python,SATD
https://github.com/nocproject/noc/blob/57d8b68a44c2511f821c4aeaedd4c8ff435c6e31/sa/profiles/Huawei/VRP/get_spanning_tree.py#L55,@todo: refine roles,Python,SATD
https://github.com/nocproject/noc/blob/57d8b68a44c2511f821c4aeaedd4c8ff435c6e31/sa/profiles/Huawei/VRP/get_spanning_tree.py#L65,@todo: refine states,Python,SATD
https://github.com/nocproject/noc/blob/57d8b68a44c2511f821c4aeaedd4c8ff435c6e31/sa/profiles/Huawei/VRP/profile.py#L297,@todo migrate to parse_block,Python,SATD
https://github.com/nocproject/noc/blob/57d8b68a44c2511f821c4aeaedd4c8ff435c6e31/sa/profiles/Huawei/VRP/profile.py#L315,@todo many table in part ?,Python,SATD
https://github.com/nocproject/noc/blob/57d8b68a44c2511f821c4aeaedd4c8ff435c6e31/sa/profiles/Qtech/QSW/get_interfaces.py#L77-L78,"TODO
 Get portchannes",Python,SATD
https://github.com/nocproject/noc/blob/57d8b68a44c2511f821c4aeaedd4c8ff435c6e31/sa/profiles/Qtech/QSW/get_interfaces.py#L164,TODO Get router interfaces,Python,SATD
https://github.com/nocproject/noc/blob/57d8b68a44c2511f821c4aeaedd4c8ff435c6e31/sa/profiles/Raisecom/ROS/profile.py#L114-L115,"for ISCOM26(?:24|08)G
 @todo use matchers",Python,SATD
https://github.com/nocproject/noc/blob/57d8b68a44c2511f821c4aeaedd4c8ff435c6e31/sa/profiles/Supertel/K2X/set_switchport.py#L63,@todo: set vlan only when necessary,Python,SATD
https://github.com/nocproject/noc/blob/57d8b68a44c2511f821c4aeaedd4c8ff435c6e31/sa/wipe/managedobject.py#L64,@todo: Remove aggregated links correctly,Python,SATD
https://github.com/nocproject/noc/blob/57d8b68a44c2511f821c4aeaedd4c8ff435c6e31/scripts/docs/gen-model-interfaces-reference.py#L22-L23,"@todo: Arbitrary ToC depth
 @todo: en/ru",Python,SATD
https://github.com/nocproject/noc/blob/57d8b68a44c2511f821c4aeaedd4c8ff435c6e31/services/correlator/alarmaction.py#L451-L452,"@todo r.document != tt_id
 Project result to escalation items",Python,SATD
https://github.com/nocproject/noc/blob/57d8b68a44c2511f821c4aeaedd4c8ff435c6e31/services/correlator/service.py#L133,@fixme have to be configured ?,Python,SATD
https://github.com/nocproject/noc/blob/57d8b68a44c2511f821c4aeaedd4c8ff435c6e31/services/correlator/service.py#L526,@todo: Make configurable,Python,SATD
https://github.com/nocproject/noc/blob/57d8b68a44c2511f821c4aeaedd4c8ff435c6e31/services/correlator/service.py#L635,@todo: Fix,Python,SATD
https://github.com/nocproject/noc/blob/57d8b68a44c2511f821c4aeaedd4c8ff435c6e31/services/correlator/service.py#L844,@todo: Rewrite to scheduler,Python,SATD
https://github.com/nocproject/noc/blob/57d8b68a44c2511f821c4aeaedd4c8ff435c6e31/services/correlator/service.py#L1321,@todo bulk alarm method,Python,SATD
https://github.com/nocproject/noc/blob/57d8b68a44c2511f821c4aeaedd4c8ff435c6e31/services/correlator/service.py#L1815,@todo Update datastream ?,Python,SATD
https://github.com/nocproject/noc/blob/57d8b68a44c2511f821c4aeaedd4c8ff435c6e31/services/discovery/jobs/box/address.py#L238,@todo: Check DHCP server capability,Python,SATD
https://github.com/nocproject/noc/blob/57d8b68a44c2511f821c4aeaedd4c8ff435c6e31/services/discovery/jobs/box/address.py#L385-L386,"@todo: Change profile
 Change managed object",Python,SATD
https://github.com/nocproject/noc/blob/57d8b68a44c2511f821c4aeaedd4c8ff435c6e31/services/discovery/jobs/box/asset.py#L632,"@todo rename sensors, need sensor_num for deduplicate",Python,SATD
https://github.com/nocproject/noc/blob/57d8b68a44c2511f821c4aeaedd4c8ff435c6e31/services/discovery/jobs/box/asset.py#L826,Temporary fix,Python,SATD
https://github.com/nocproject/noc/blob/57d8b68a44c2511f821c4aeaedd4c8ff435c6e31/services/discovery/jobs/box/interface.py#L81,@todo l2domain,Python,SATD
https://github.com/nocproject/noc/blob/57d8b68a44c2511f821c4aeaedd4c8ff435c6e31/services/discovery/jobs/box/version.py#L90-L91,"@todo: Check next_version and report upgrade
 Sync image",Python,SATD
https://github.com/nocproject/noc/blob/57d8b68a44c2511f821c4aeaedd4c8ff435c6e31/services/discovery/jobs/box/vpn.py#L75,@todo: Only VRFs for now,Python,SATD
https://github.com/nocproject/noc/blob/57d8b68a44c2511f821c4aeaedd4c8ff435c6e31/services/discovery/jobs/box/vpn.py#L151,@todo: Check VPN capability,Python,SATD
https://github.com/nocproject/noc/blob/57d8b68a44c2511f821c4aeaedd4c8ff435c6e31/services/discovery/jobs/box/vpn.py#L293,@todo: Implement properly,Python,SATD
https://github.com/nocproject/noc/blob/57d8b68a44c2511f821c4aeaedd4c8ff435c6e31/services/grafanads/jsonds.py#L527-L535,"@todo dict request
 if lf.is_required and field not in payload:
     raise HTTPException(status_code=400, detail=f""Field {field} is required in query"")

 try:
     payload = self.query_payload.parse_obj(payload)
 except ValidationError as e:
     raise HTTPException(status_code=400, detail=str(e)) from e
 return payload.expr",Python,SATD
https://github.com/nocproject/noc/blob/57d8b68a44c2511f821c4aeaedd4c8ff435c6e31/services/metrics/service.py#L338-L339,"@todo: Still naive implementation based around the scope
 @todo: Must be replaced by profile-based card stack generator",Python,SATD
https://github.com/nocproject/noc/blob/57d8b68a44c2511f821c4aeaedd4c8ff435c6e31/services/metrics/service.py#L822,Hack for ConfigProxy use,Python,SATD
https://github.com/nocproject/noc/blob/57d8b68a44c2511f821c4aeaedd4c8ff435c6e31/services/ping/service.py#L349,@todo: Send unthrottling message,Python,SATD
https://github.com/nocproject/noc/blob/57d8b68a44c2511f821c4aeaedd4c8ff435c6e31/services/ping/service.py#L357,@todo: Send throttling message,Python,SATD
https://github.com/nocproject/noc/blob/57d8b68a44c2511f821c4aeaedd4c8ff435c6e31/services/topo/topo.py#L48-L49,"@todo: Remove object
 Synchronize object",Python,SATD
https://github.com/nocproject/noc/blob/57d8b68a44c2511f821c4aeaedd4c8ff435c6e31/services/topo/topo.py#L258,Fix uplinks on graph,Python,SATD
https://github.com/nocproject/noc/blob/57d8b68a44c2511f821c4aeaedd4c8ff435c6e31/services/topo/topo.py#L339-L340,"Get max level
 @todo: Optimize, search for roots",Python,SATD
https://github.com/nocproject/noc/blob/57d8b68a44c2511f821c4aeaedd4c8ff435c6e31/services/web/apps/fm/alarm/views.py#L280,@todo Добавить исключение (только этот) !ID,Python,SATD
https://github.com/nocproject/noc/blob/57d8b68a44c2511f821c4aeaedd4c8ff435c6e31/services/web/apps/inv/inv/pbuilder.py#L83,@todo: Replace with cable lookup,Python,SATD
https://github.com/nocproject/noc/blob/57d8b68a44c2511f821c4aeaedd4c8ff435c6e31/services/web/apps/inv/inv/pbuilder.py#L278,@todo,Python,SATD
https://github.com/nocproject/noc/blob/57d8b68a44c2511f821c4aeaedd4c8ff435c6e31/services/web/apps/inv/inv/plugins/commutation.py#L152,@todo: Process later,Python,SATD
https://github.com/nocproject/noc/blob/57d8b68a44c2511f821c4aeaedd4c8ff435c6e31/services/web/apps/inv/inv/plugins/commutation.py#L326,@todo: Implement properly,Python,SATD
https://github.com/nocproject/noc/blob/57d8b68a44c2511f821c4aeaedd4c8ff435c6e31/services/web/apps/inv/inv/plugins/conduits.py#L30,%fixme have to be configured ?,Python,SATD
https://github.com/nocproject/noc/blob/57d8b68a44c2511f821c4aeaedd4c8ff435c6e31/services/web/apps/inv/inv/plugins/conduits.py#L206-L207,"@todo: Mirror position
 Conduit position",Python,SATD
https://github.com/nocproject/noc/blob/57d8b68a44c2511f821c4aeaedd4c8ff435c6e31/services/web/apps/inv/inv/plugins/map.py#L106-L107,"@todo: Coordinates transform
 Feed result",Python,SATD
https://github.com/nocproject/noc/blob/57d8b68a44c2511f821c4aeaedd4c8ff435c6e31/services/web/apps/inv/objectmodel/views.py#L153-L154,"Crossing
 @todo: Count splitter interface",Python,SATD
https://github.com/nocproject/noc/blob/57d8b68a44c2511f821c4aeaedd4c8ff435c6e31/services/web/apps/ip/reportoverview/views.py#L20,% fixme rewrite to separate file,Python,SATD
https://github.com/nocproject/noc/blob/57d8b68a44c2511f821c4aeaedd4c8ff435c6e31/services/web/apps/sa/managedobject/views.py#L418,@todo Добавить исключение (только этот) !ID,Python,SATD
https://github.com/nocproject/noc/blob/57d8b68a44c2511f821c4aeaedd4c8ff435c6e31/services/web/apps/sa/managedobject/views.py#L437,TODO This functionality is not implemented in frontend,Python,SATD
https://github.com/nocproject/noc/blob/57d8b68a44c2511f821c4aeaedd4c8ff435c6e31/services/web/apps/sa/managedobject/views.py#L708-L709,"Physical interfaces
 @todo: proper ordering",Python,SATD
https://github.com/nocproject/noc/blob/57d8b68a44c2511f821c4aeaedd4c8ff435c6e31/services/web/apps/sa/managedobject/views.py#L1100,@todo: Check access,Python,SATD
https://github.com/nocproject/noc/blob/57d8b68a44c2511f821c4aeaedd4c8ff435c6e31/services/web/apps/sa/managedobject/views.py#L1229-L1232,"CPE
 @todo: proper ordering
 default_state = ResourceState.get_default()
 style_cache = {}  # profile_id -> css_style",Python,SATD
https://github.com/nocproject/noc/blob/57d8b68a44c2511f821c4aeaedd4c8ff435c6e31/services/web/apps/vc/vlan/views.py#L84,@todo group by for speedup,Python,SATD
https://github.com/nocproject/noc/blob/57d8b68a44c2511f821c4aeaedd4c8ff435c6e31/services/web/apps/vc/vlan/views.py#L114,@todo: Exact match on vlan_ids,Python,SATD
https://github.com/nocproject/noc/blob/57d8b68a44c2511f821c4aeaedd4c8ff435c6e31/services/web/apps/vc/vlan/views.py#L222,@todo check user permission,Python,SATD
https://github.com/nocproject/noc/blob/57d8b68a44c2511f821c4aeaedd4c8ff435c6e31/services/web/base/docinline.py#L255,@todo: Check for valid lookup types,Python,SATD
https://github.com/nocproject/noc/blob/57d8b68a44c2511f821c4aeaedd4c8ff435c6e31/services/web/base/docinline.py#L306,Todo: Fix,Python,SATD
https://github.com/nocproject/noc/blob/57d8b68a44c2511f821c4aeaedd4c8ff435c6e31/services/web/base/docinline.py#L358-L360,"Exclude callable values from query
 (Django raises exception on pyRules)
 @todo: Check unique fields only?",Python,SATD
https://github.com/nocproject/noc/blob/57d8b68a44c2511f821c4aeaedd4c8ff435c6e31/services/web/base/docinline.py#L437,@todo: Detect errors,Python,SATD
https://github.com/nocproject/noc/blob/57d8b68a44c2511f821c4aeaedd4c8ff435c6e31/services/web/base/extdocapplication.py#L82,@todo: detect properly,Python,SATD
https://github.com/nocproject/noc/blob/57d8b68a44c2511f821c4aeaedd4c8ff435c6e31/services/web/base/extdocapplication.py#L296,@todo: correct __ lookups,Python,SATD
https://github.com/nocproject/noc/blob/57d8b68a44c2511f821c4aeaedd4c8ff435c6e31/services/web/base/extdocapplication.py#L549,@todo: Check for duplicates,Python,SATD
https://github.com/nocproject/noc/blob/57d8b68a44c2511f821c4aeaedd4c8ff435c6e31/services/web/base/extmodelapplication.py#L371,@todo: Check for valid lookup types,Python,SATD
https://github.com/nocproject/noc/blob/57d8b68a44c2511f821c4aeaedd4c8ff435c6e31/services/web/base/extmodelapplication.py#L634-L636,"Exclude callable values from query
 (Django raises exception on pyRules)
 @todo: Check unique fields only?",Python,SATD
https://github.com/nocproject/noc/blob/57d8b68a44c2511f821c4aeaedd4c8ff435c6e31/services/web/base/modelinline.py#L300,@todo: Check for valid lookup types,Python,SATD
https://github.com/nocproject/noc/blob/57d8b68a44c2511f821c4aeaedd4c8ff435c6e31/services/web/base/modelinline.py#L343,Todo: Fix,Python,SATD
https://github.com/nocproject/noc/blob/57d8b68a44c2511f821c4aeaedd4c8ff435c6e31/services/web/base/modelinline.py#L395-L397,"Exclude callable values from query
 (Django raises exception on pyRules)
 @todo: Check unique fields only?",Python,SATD
https://github.com/nocproject/noc/blob/57d8b68a44c2511f821c4aeaedd4c8ff435c6e31/services/web/base/modelinline.py#L469,@todo: Detect errors,Python,SATD
https://github.com/nocproject/noc/blob/57d8b68a44c2511f821c4aeaedd4c8ff435c6e31/services/web/base/reportdatasources/base.py#L108,Todo,Python,SATD
https://github.com/nocproject/noc/blob/57d8b68a44c2511f821c4aeaedd4c8ff435c6e31/services/web/base/reportdatasources/base.py#L132-L133,"@todo Check Duplicate ID
 If row_id equal current sync_id - set value",Python,SATD
https://github.com/nocproject/noc/blob/57d8b68a44c2511f821c4aeaedd4c8ff435c6e31/services/web/base/reportdatasources/base.py#L158-L161,"@todo Variant:
 1. if sync_ids use to filter in _extract - sync_ids and _extract ending together
 2. if sync_ids end before _extract ?
 3. if _extract end before sync_ids ?",Python,SATD
https://github.com/nocproject/noc/blob/57d8b68a44c2511f821c4aeaedd4c8ff435c6e31/services/web/base/reportdatasources/base.py#L185,@todo use column as dict,Python,SATD
https://github.com/nocproject/noc/blob/57d8b68a44c2511f821c4aeaedd4c8ff435c6e31/services/web/base/reportdatasources/base.py#L272,"@todo remove d_Q, example changing to class",Python,SATD
https://github.com/nocproject/noc/blob/57d8b68a44c2511f821c4aeaedd4c8ff435c6e31/services/web/base/site.py#L386-L387,"Django JS Translation
 @todo: Remove?",Python,SATD
https://github.com/nocproject/noc/blob/57d8b68a44c2511f821c4aeaedd4c8ff435c6e31/tests/test_discovery.py#L231-L232,"@todo: Прогнать profile check, проверить совпадение профииля
 @todo: Прогнать капсы, сверить ожидаемые",Python,SATD
https://github.com/nocproject/noc/blob/57d8b68a44c2511f821c4aeaedd4c8ff435c6e31/wf/models/state.py#L280,@todo: Catch exceptions,Python,SATD
https://github.com/nocproject/noc/blob/57d8b68a44c2511f821c4aeaedd4c8ff435c6e31/wf/models/state.py#L451,@todo more precisely,Python,SATD
https://github.com/nocproject/noc/blob/57d8b68a44c2511f821c4aeaedd4c8ff435c6e31/wf/models/transition.py#L243,@todo: Catch exceptions,Python,SATD
https://github.com/nocproject/noc/blob/cafea9c556b2d1a96e3c3a0fc5380404c6586a67/pyproject.toml#L179,"# Always autofix, but never try to fix `F401` (unused imports).",Unknown,SATD
https://github.com/nocproject/noc/blob/cafea9c556b2d1a96e3c3a0fc5380404c6586a67/pyproject.toml#L180,#fix = true,Unknown,SATD
https://github.com/nocproject/noc/blob/52f08faaaf95a75d81165e7558695eecfc5760d1/core/msgstream/redpanda.py#L96,Workaround for Issue aiokafka/issues/647,Python,SATD
https://github.com/nocproject/noc/blob/52f08faaaf95a75d81165e7558695eecfc5760d1/core/msgstream/redpanda.py#L211,@todo errors,Python,SATD
https://github.com/nocproject/noc/blob/52f08faaaf95a75d81165e7558695eecfc5760d1/pyproject.toml#L179,"# Always autofix, but never try to fix `F401` (unused imports).",Unknown,SATD
https://github.com/nocproject/noc/blob/52f08faaaf95a75d81165e7558695eecfc5760d1/pyproject.toml#L180,#fix = true,Unknown,SATD
https://github.com/nocproject/noc/blob/52f08faaaf95a75d81165e7558695eecfc5760d1/services/escalator/escalation.py#L50,@fixme have to be checked,Python,SATD
https://github.com/nocproject/noc/blob/52f08faaaf95a75d81165e7558695eecfc5760d1/services/escalator/escalation.py#L440,@todo: Check escalation status for already escalated and maintenance?,Python,SATD
https://github.com/nocproject/noc/blob/52f08faaaf95a75d81165e7558695eecfc5760d1/services/escalator/escalation.py#L582,@todo: Append profile,Python,SATD
https://github.com/nocproject/noc/blob/52f08faaaf95a75d81165e7558695eecfc5760d1/services/escalator/escalation.py#L712,@todo: Check maintenance for all consequences,Python,SATD
https://github.com/nocproject/noc/blob/52f08faaaf95a75d81165e7558695eecfc5760d1/services/escalator/escalation.py#L756,@todo save to escalation doc,Python,SATD
https://github.com/nocproject/noc/blob/52f08faaaf95a75d81165e7558695eecfc5760d1/services/escalator/escalation.py#L758-L760,"Check global limits
 @todo: Move into escalator service
 @todo: Process per-ttsystem limits",Python,SATD
https://github.com/nocproject/noc/blob/52f08faaaf95a75d81165e7558695eecfc5760d1/services/escalator/jobs/base.py#L18,@fixme have to be checked,Python,SATD
https://github.com/nocproject/noc/blob/52f08faaaf95a75d81165e7558695eecfc5760d1/services/web/base/reportdatasources/base.py#L108,Todo,Python,SATD
https://github.com/nocproject/noc/blob/52f08faaaf95a75d81165e7558695eecfc5760d1/services/web/base/reportdatasources/base.py#L132-L133,"@todo Check Duplicate ID
 If row_id equal current sync_id - set value",Python,SATD
https://github.com/nocproject/noc/blob/52f08faaaf95a75d81165e7558695eecfc5760d1/services/web/base/reportdatasources/base.py#L158-L161,"@todo Variant:
 1. if sync_ids use to filter in _extract - sync_ids and _extract ending together
 2. if sync_ids end before _extract ?
 3. if _extract end before sync_ids ?",Python,SATD
https://github.com/nocproject/noc/blob/52f08faaaf95a75d81165e7558695eecfc5760d1/services/web/base/reportdatasources/base.py#L185,@todo use column as dict,Python,SATD
https://github.com/nocproject/noc/blob/52f08faaaf95a75d81165e7558695eecfc5760d1/services/web/base/reportdatasources/base.py#L272,"@todo remove d_Q, example changing to class",Python,SATD
https://github.com/nocproject/noc/blob/5ab19b1c3e515c0826ecbcc5f9438d8e31da5bfe/services/web/apps/inv/interface/views.py#L170-L172,"Physical interfaces
 @todo: proper ordering
 style_cache = {}  # profile_id -> css_style",Python,SATD
https://github.com/nocproject/noc/blob/5ab19b1c3e515c0826ecbcc5f9438d8e31da5bfe/services/web/apps/sa/managedobject/views.py#L418,@todo Добавить исключение (только этот) !ID,Python,SATD
https://github.com/nocproject/noc/blob/5ab19b1c3e515c0826ecbcc5f9438d8e31da5bfe/services/web/apps/sa/managedobject/views.py#L437,TODO This functionality is not implemented in frontend,Python,SATD
https://github.com/nocproject/noc/blob/5ab19b1c3e515c0826ecbcc5f9438d8e31da5bfe/services/web/apps/sa/managedobject/views.py#L708-L709,"Physical interfaces
 @todo: proper ordering",Python,SATD
https://github.com/nocproject/noc/blob/5ab19b1c3e515c0826ecbcc5f9438d8e31da5bfe/services/web/apps/sa/managedobject/views.py#L1101,@todo: Check access,Python,SATD
https://github.com/nocproject/noc/blob/5ab19b1c3e515c0826ecbcc5f9438d8e31da5bfe/services/web/apps/sa/managedobject/views.py#L1230-L1233,"CPE
 @todo: proper ordering
 default_state = ResourceState.get_default()
 style_cache = {}  # profile_id -> css_style",Python,SATD
https://github.com/nocproject/noc/blob/7c70e135a5dd9b779f85658514aabad0c8838157/commands/network-scan.py#L483,@todo: Make configurable,Python,SATD
https://github.com/nocproject/noc/blob/7c70e135a5dd9b779f85658514aabad0c8838157/core/dcs/consul.py#L428,@todo: Handle errors,Python,SATD
https://github.com/nocproject/noc/blob/7c70e135a5dd9b779f85658514aabad0c8838157/core/etl/loader/base.py#L266,@todo: Die,Python,SATD
https://github.com/nocproject/noc/blob/7c70e135a5dd9b779f85658514aabad0c8838157/core/etl/loader/base.py#L849,@todo: Get proper mappings,Python,SATD
https://github.com/nocproject/noc/blob/7c70e135a5dd9b779f85658514aabad0c8838157/core/inv/codec.py#L178,@todo: Process later,Python,SATD
https://github.com/nocproject/noc/blob/7c70e135a5dd9b779f85658514aabad0c8838157/core/inv/codec.py#L253,todo: delete this flag,Python,SATD
https://github.com/nocproject/noc/blob/7c70e135a5dd9b779f85658514aabad0c8838157/fm/models/mib.py#L352,@todo: Fix ugly hack,Python,SATD
https://github.com/nocproject/noc/blob/7c70e135a5dd9b779f85658514aabad0c8838157/main/models/customfield.py#L158-L159,"@todo: Use django's capabilities to generate SQL
 field.db_type ?",Python,SATD
https://github.com/nocproject/noc/blob/7c70e135a5dd9b779f85658514aabad0c8838157/pyproject.toml#L179,"# Always autofix, but never try to fix `F401` (unused imports).",Unknown,SATD
https://github.com/nocproject/noc/blob/7c70e135a5dd9b779f85658514aabad0c8838157/pyproject.toml#L180,#fix = true,Unknown,SATD
https://github.com/nocproject/noc/blob/7c70e135a5dd9b779f85658514aabad0c8838157/sa/profiles/Juniper/JUNOS/profile.py#L184,"Cut first line with ""show XXX...""",Python,SATD
https://github.com/nocproject/noc/blob/7c70e135a5dd9b779f85658514aabad0c8838157/sa/profiles/Raisecom/ROS/get_interfaces.py#L434-L435,"XXX: This is a dirty hack !!!
 I do not know, how get ip interface MAC address",Python,SATD
https://github.com/nocproject/noc/blob/7c70e135a5dd9b779f85658514aabad0c8838157/services/bi/paths/bi.py#L301,@todo: Filter by groups,Python,SATD
https://github.com/nocproject/noc/blob/7c70e135a5dd9b779f85658514aabad0c8838157/services/bi/paths/bi.py#L354,@todo: Generate title,Python,SATD
https://github.com/nocproject/noc/blob/7c70e135a5dd9b779f85658514aabad0c8838157/services/bi/paths/bi.py#L485,@todo username - list groups for user,Python,SATD
https://github.com/nocproject/noc/blob/7c70e135a5dd9b779f85658514aabad0c8838157/services/bi/paths/bi.py#L545,@todo Clear rights (protect Admin rights?),Python,SATD
https://github.com/nocproject/noc/blob/7c70e135a5dd9b779f85658514aabad0c8838157/services/card/cards/monmap.py#L121,Getting Alarms severity dict MO: Severity @todo List alarms,Python,SATD
https://github.com/nocproject/noc/blob/7c70e135a5dd9b779f85658514aabad0c8838157/services/discovery/jobs/box/address.py#L238,@todo: Check DHCP server capability,Python,SATD
https://github.com/nocproject/noc/blob/7c70e135a5dd9b779f85658514aabad0c8838157/services/discovery/jobs/box/address.py#L385-L386,"@todo: Change profile
 Change managed object",Python,SATD
https://github.com/nocproject/noc/blob/7c70e135a5dd9b779f85658514aabad0c8838157/services/web/apps/inv/inv/plugins/channel.py#L329-L330,"Check all controllers
 @todo: Offload to the thread pools",Python,SATD
https://github.com/nocproject/noc/blob/7c70e135a5dd9b779f85658514aabad0c8838157/services/web/apps/inv/inv/plugins/channel.py#L363,@todo: Replace with message,Python,SATD
https://github.com/nocproject/noc/blob/7c70e135a5dd9b779f85658514aabad0c8838157/services/web/base/site.py#L385-L386,"Django JS Translation
 @todo: Remove?",Python,SATD
https://github.com/nocproject/noc/blob/90feaa199a07d574e4b628b0021ef65d0163aef4/bi/models/dashboard.py#L113-L114,"Deduplicate rights
 @todo changing priority (reverse order)",Python,SATD
https://github.com/nocproject/noc/blob/90feaa199a07d574e4b628b0021ef65d0163aef4/bi/models/mac.py#L111,@todo convert mac all,Python,SATD
https://github.com/nocproject/noc/blob/90feaa199a07d574e4b628b0021ef65d0163aef4/bi/models/mac.py#L130-L131,"@todo paging (offset and limit)
 @todo check in list",Python,SATD
https://github.com/nocproject/noc/blob/90feaa199a07d574e4b628b0021ef65d0163aef4/commands/beef.py#L475,@todo: Input,Python,SATD
https://github.com/nocproject/noc/blob/90feaa199a07d574e4b628b0021ef65d0163aef4/commands/l3-topology.py#L81,@todo: Check graphvis,Python,SATD
https://github.com/nocproject/noc/blob/90feaa199a07d574e4b628b0021ef65d0163aef4/commands/network-scan.py#L483,@todo: Make configurable,Python,SATD
https://github.com/nocproject/noc/blob/90feaa199a07d574e4b628b0021ef65d0163aef4/commands/snmp.py#L209,@todo: Add community oid check,Python,SATD
https://github.com/nocproject/noc/blob/90feaa199a07d574e4b628b0021ef65d0163aef4/core/bi/query.py#L188,@todo: a?b:c,Python,SATD
https://github.com/nocproject/noc/blob/90feaa199a07d574e4b628b0021ef65d0163aef4/core/clickhouse/model.py#L781,@todo: !!!,Python,SATD
https://github.com/nocproject/noc/blob/90feaa199a07d574e4b628b0021ef65d0163aef4/core/confdb/collator/ifpath.py#L157,@todo perhaps move to other collator,Python,SATD
https://github.com/nocproject/noc/blob/90feaa199a07d574e4b628b0021ef65d0163aef4/core/confdb/collator/ifpath.py#L176-L177,"Protocols used for filter iface_type with equal path
 @todo empty protocols",Python,SATD
https://github.com/nocproject/noc/blob/90feaa199a07d574e4b628b0021ef65d0163aef4/core/datasources/interfacesstatusstatds.py#L47,@todo Column filter,Python,SATD
https://github.com/nocproject/noc/blob/90feaa199a07d574e4b628b0021ef65d0163aef4/core/datastream/base.py#L230,@todo Save empty list ?,Python,SATD
https://github.com/nocproject/noc/blob/90feaa199a07d574e4b628b0021ef65d0163aef4/core/dcs/consul.py#L424,@todo: Handle errors,Python,SATD
https://github.com/nocproject/noc/blob/90feaa199a07d574e4b628b0021ef65d0163aef4/core/diagnostic/hub.py#L334-L335,"Hack for refresh diagnostic Hub on object
 For fix it may be use set __diagnostics to object diagnostic",Python,SATD
https://github.com/nocproject/noc/blob/90feaa199a07d574e4b628b0021ef65d0163aef4/core/etl/extractor/base.py#L315,"Do not use get_model(self.clean(row)), to zip_longest broken row",Python,SATD
https://github.com/nocproject/noc/blob/90feaa199a07d574e4b628b0021ef65d0163aef4/core/etl/loader/base.py#L266,@todo: Die,Python,SATD
https://github.com/nocproject/noc/blob/90feaa199a07d574e4b628b0021ef65d0163aef4/core/etl/loader/base.py#L845,@todo: Get proper mappings,Python,SATD
https://github.com/nocproject/noc/blob/90feaa199a07d574e4b628b0021ef65d0163aef4/core/fm/event.py#L187,For Clickhouse before 23.XXX,Python,SATD
https://github.com/nocproject/noc/blob/90feaa199a07d574e4b628b0021ef65d0163aef4/core/http/client.py#L314,@todo: Process gzip and deflate Content-Encoding,Python,SATD
https://github.com/nocproject/noc/blob/90feaa199a07d574e4b628b0021ef65d0163aef4/core/ioloop/snmp.py#L101,Broken response,Python,SATD
https://github.com/nocproject/noc/blob/90feaa199a07d574e4b628b0021ef65d0163aef4/core/ioloop/snmp.py#L159,All oids excluded as broken,Python,SATD
https://github.com/nocproject/noc/blob/90feaa199a07d574e4b628b0021ef65d0163aef4/core/ioloop/snmp.py#L165-L166,"Some broken SNMP servers (i.e. Huawei) returns
 negative error index. Try to negotiate silently",Python,SATD
https://github.com/nocproject/noc/blob/90feaa199a07d574e4b628b0021ef65d0163aef4/core/model/fields.py#L314-L315,"Dereference
 @todo: Maybe .pk is better way",Python,SATD
https://github.com/nocproject/noc/blob/90feaa199a07d574e4b628b0021ef65d0163aef4/core/msgstream/client.py#L295,Fix for wait update cluster metadata,Python,SATD
https://github.com/nocproject/noc/blob/90feaa199a07d574e4b628b0021ef65d0163aef4/core/pm/utils.py#L615,@todo Left Join,Python,SATD
https://github.com/nocproject/noc/blob/90feaa199a07d574e4b628b0021ef65d0163aef4/core/profile/base.py#L59,Fix binary attributes,Python,SATD
https://github.com/nocproject/noc/blob/90feaa199a07d574e4b628b0021ef65d0163aef4/core/profile/base.py#L69,Fix command_more,Python,SATD
https://github.com/nocproject/noc/blob/90feaa199a07d574e4b628b0021ef65d0163aef4/core/profile/base.py#L114,@todo: Deprecated,Python,SATD
https://github.com/nocproject/noc/blob/90feaa199a07d574e4b628b0021ef65d0163aef4/core/profile/checker.py#L86,@todo: process MAYBE rule,Python,SATD
https://github.com/nocproject/noc/blob/90feaa199a07d574e4b628b0021ef65d0163aef4/core/profile/diagnostic.py#L123,@todo: process MAYBE rule,Python,SATD
https://github.com/nocproject/noc/blob/90feaa199a07d574e4b628b0021ef65d0163aef4/core/runner/actions/script.py#L43,@todo: Wrap and catch errors,Python,SATD
https://github.com/nocproject/noc/blob/90feaa199a07d574e4b628b0021ef65d0163aef4/core/script/base.py#L209,@todo: Get native encoding from ManagedObject,Python,SATD
https://github.com/nocproject/noc/blob/90feaa199a07d574e4b628b0021ef65d0163aef4/core/script/base.py#L944-L945,"Disable pager when necessary
 @todo: Move to CLI",Python,SATD
https://github.com/nocproject/noc/blob/90feaa199a07d574e4b628b0021ef65d0163aef4/core/script/cli/cli.py#L144-L145,"Send command
 @todo: encode to object's encoding",Python,SATD
https://github.com/nocproject/noc/blob/90feaa199a07d574e4b628b0021ef65d0163aef4/core/script/cli/cli.py#L206-L207,"Stream must be closed to prevent hanging read callbacks
 @todo: Really? May be changed during migration to asyncio",Python,SATD
https://github.com/nocproject/noc/blob/90feaa199a07d574e4b628b0021ef65d0163aef4/core/script/cli/cli.py#L448-L452,"Do not remove `pager` section
 It fixes this situation on Huawei MA5300:
 xxx>enable
 { <cr>|level-value<U><1,15> }:
 xxx#",Python,SATD
https://github.com/nocproject/noc/blob/90feaa199a07d574e4b628b0021ef65d0163aef4/core/script/cli/ssh.py#L42,@todo: Remove,Python,SATD
https://github.com/nocproject/noc/blob/90feaa199a07d574e4b628b0021ef65d0163aef4/core/script/mml/base.py#L44,@todo: Apply encoding,Python,SATD
https://github.com/nocproject/noc/blob/90feaa199a07d574e4b628b0021ef65d0163aef4/core/script/mml/base.py#L137,@todo: Uncaught,Python,SATD
https://github.com/nocproject/noc/blob/90feaa199a07d574e4b628b0021ef65d0163aef4/core/script/rtsp/base.py#L65,@todo: Apply encoding,Python,SATD
https://github.com/nocproject/noc/blob/90feaa199a07d574e4b628b0021ef65d0163aef4/core/script/rtsp/base.py#L202,@todo: Uncaught,Python,SATD
https://github.com/nocproject/noc/blob/90feaa199a07d574e4b628b0021ef65d0163aef4/core/service/base.py#L224,@todo: Duplicates config.setup_logging,Python,SATD
https://github.com/nocproject/noc/blob/90feaa199a07d574e4b628b0021ef65d0163aef4/core/service/base.py#L583,@todo: Restart on failure,Python,SATD
https://github.com/nocproject/noc/blob/90feaa199a07d574e4b628b0021ef65d0163aef4/core/service/deps/user.py#L60,@todo: Check user's active scopes against {scopes.scopes},Python,SATD
https://github.com/nocproject/noc/blob/90feaa199a07d574e4b628b0021ef65d0163aef4/core/service/rpc.py#L37-L40,"WARNING: later ujson versions are not thread-safe when dealing with floating numbers # deserealization,
 so we need the time to prove orjson is thread-safe and
 to remove the lock
 @todo: Check and remove the lock",Python,SATD
https://github.com/nocproject/noc/blob/90feaa199a07d574e4b628b0021ef65d0163aef4/core/snmp/ber.py#L134,@todo: Снести в конец,Python,SATD
https://github.com/nocproject/noc/blob/90feaa199a07d574e4b628b0021ef65d0163aef4/core/snmp/ber.py#L242,@todo: Convert to datetime,Python,SATD
https://github.com/nocproject/noc/blob/90feaa199a07d574e4b628b0021ef65d0163aef4/core/topology/base.py#L411,@todo: Calculate new positions,Python,SATD
https://github.com/nocproject/noc/blob/90feaa199a07d574e4b628b0021ef65d0163aef4/core/topology/map/segment.py#L248-L249,"@todo: Workaround for empty uplinks
 Get uplinks for cloud nodes",Python,SATD
https://github.com/nocproject/noc/blob/90feaa199a07d574e4b628b0021ef65d0163aef4/core/version.py#L105,"Git is broken, fallback",Python,SATD
https://github.com/nocproject/noc/blob/90feaa199a07d574e4b628b0021ef65d0163aef4/dns/models/dnszone.py#L85,@todo: Rename to is_provisioned,Python,SATD
https://github.com/nocproject/noc/blob/90feaa199a07d574e4b628b0021ef65d0163aef4/dns/models/dnszone.py#L233,@todo: Impelement properly,Python,SATD
https://github.com/nocproject/noc/blob/90feaa199a07d574e4b628b0021ef65d0163aef4/dns/models/dnszone.py#L264,Hack to not send post_save signal,Python,SATD
https://github.com/nocproject/noc/blob/90feaa199a07d574e4b628b0021ef65d0163aef4/fm/models/activealarm.py#L1442-L1443,"Go down the slot
 @todo: CU slots?",Python,SATD
https://github.com/nocproject/noc/blob/90feaa199a07d574e4b628b0021ef65d0163aef4/fm/models/archivedalarm.py#L239,@todo: Clear related correlator jobs,Python,SATD
https://github.com/nocproject/noc/blob/90feaa199a07d574e4b628b0021ef65d0163aef4/fm/models/escalationprofile.py#L384,@todo options after end sequence,Python,SATD
https://github.com/nocproject/noc/blob/90feaa199a07d574e4b628b0021ef65d0163aef4/fm/models/mib.py#L350,@todo: Fix ugly hack,Python,SATD
https://github.com/nocproject/noc/blob/90feaa199a07d574e4b628b0021ef65d0163aef4/fm/models/ttsystem.py#L64,@fixme make it configurable,Python,SATD
https://github.com/nocproject/noc/blob/90feaa199a07d574e4b628b0021ef65d0163aef4/inv/models/macdb.py#L34,Todo: Add Validation,Python,SATD
https://github.com/nocproject/noc/blob/90feaa199a07d574e4b628b0021ef65d0163aef4/inv/models/networksegment.py#L114-L115,"True if segment is redundant and redundancy
 currently broken",Python,SATD
https://github.com/nocproject/noc/blob/90feaa199a07d574e4b628b0021ef65d0163aef4/inv/models/networksegment.py#L529,@todo intersect link only,Python,SATD
https://github.com/nocproject/noc/blob/90feaa199a07d574e4b628b0021ef65d0163aef4/inv/models/object.py#L372,@todo: Replace with proper implementation,Python,SATD
https://github.com/nocproject/noc/blob/90feaa199a07d574e4b628b0021ef65d0163aef4/inv/models/objectmodel.py#L505,Fix connections,Python,SATD
https://github.com/nocproject/noc/blob/90feaa199a07d574e4b628b0021ef65d0163aef4/inv/models/objectmodel.py#L751-L752,"Check compatibility
 @todo: Consider compatible types",Python,SATD
https://github.com/nocproject/noc/blob/90feaa199a07d574e4b628b0021ef65d0163aef4/inv/models/objectmodel.py#L824,@todo: Update connections,Python,SATD
https://github.com/nocproject/noc/blob/90feaa199a07d574e4b628b0021ef65d0163aef4/inv/models/objectmodel.py#L828,Connection is broken,Python,SATD
https://github.com/nocproject/noc/blob/90feaa199a07d574e4b628b0021ef65d0163aef4/inv/models/resourcepool.py#L161,@todo send query,Python,SATD
https://github.com/nocproject/noc/blob/90feaa199a07d574e4b628b0021ef65d0163aef4/inv/models/resourcepool.py#L207,ToDo Pool.threshold limit (max allocation by user),Python,SATD
https://github.com/nocproject/noc/blob/90feaa199a07d574e4b628b0021ef65d0163aef4/ip/models/prefix.py#L612-L614,"@todo: Rebase bookmarks
 @todo: Update caches
 Return rebased prefix",Python,SATD
https://github.com/nocproject/noc/blob/90feaa199a07d574e4b628b0021ef65d0163aef4/ip/models/prefix.py#L730,Fix for ipv6,Python,SATD
https://github.com/nocproject/noc/blob/90feaa199a07d574e4b628b0021ef65d0163aef4/main/models/customfield.py#L154-L155,"@todo: Use django's capabilities to generate SQL
 field.db_type ?",Python,SATD
https://github.com/nocproject/noc/blob/90feaa199a07d574e4b628b0021ef65d0163aef4/peer/models/peeringpoint.py#L29,@todo: Replace with managed object,Python,SATD
https://github.com/nocproject/noc/blob/90feaa199a07d574e4b628b0021ef65d0163aef4/pm/models/metricscope.py#L399,Strip for float value xxx.,Python,SATD
https://github.com/nocproject/noc/blob/90feaa199a07d574e4b628b0021ef65d0163aef4/pyproject.toml#L179,"# Always autofix, but never try to fix `F401` (unused imports).",Unknown,SATD
https://github.com/nocproject/noc/blob/90feaa199a07d574e4b628b0021ef65d0163aef4/pyproject.toml#L180,#fix = true,Unknown,SATD
https://github.com/nocproject/noc/blob/90feaa199a07d574e4b628b0021ef65d0163aef4/sa/migrations/0219_managed_object_selector_resource_group.py#L231,Fix more than two level,Python,SATD
https://github.com/nocproject/noc/blob/90feaa199a07d574e4b628b0021ef65d0163aef4/sa/models/discoveredobject.py#L234,ToDO Rule Settings,Python,SATD
https://github.com/nocproject/noc/blob/90feaa199a07d574e4b628b0021ef65d0163aef4/sa/models/discoveredobject.py#L778,Fix duplicate objects,Python,SATD
https://github.com/nocproject/noc/blob/90feaa199a07d574e4b628b0021ef65d0163aef4/sa/models/discoveredobject.py#L971,@todo Skip data if not in source,Python,SATD
https://github.com/nocproject/noc/blob/90feaa199a07d574e4b628b0021ef65d0163aef4/sa/models/managedobject.py#L1310,@todo: Rewrite,Python,SATD
https://github.com/nocproject/noc/blob/90feaa199a07d574e4b628b0021ef65d0163aef4/sa/models/managedobject.py#L1522-L1523,"Pass data through the validation filter, if given
 @todo: Replace with config validation policy",Python,SATD
https://github.com/nocproject/noc/blob/90feaa199a07d574e4b628b0021ef65d0163aef4/sa/models/managedobject.py#L1885-L1886,"Check syntax
 @todo: PostgreSQL syntax differs from python one",Python,SATD
https://github.com/nocproject/noc/blob/90feaa199a07d574e4b628b0021ef65d0163aef4/sa/models/managedobjectprofile.py#L230-L231,"@todo: Name validation function
 FM settings",Python,SATD
https://github.com/nocproject/noc/blob/90feaa199a07d574e4b628b0021ef65d0163aef4/sa/models/service.py#L716,@todo Detect Alarm Status,Python,SATD
https://github.com/nocproject/noc/blob/90feaa199a07d574e4b628b0021ef65d0163aef4/sa/models/service.py#L729,@todo Add exclude instance,Python,SATD
https://github.com/nocproject/noc/blob/90feaa199a07d574e4b628b0021ef65d0163aef4/sa/profiles/3Com/4500/get_interfaces.py#L61-L65,"Get L3 interfaces
 TODO Get router interfaces
 ospfs = self.get_ospfint()
 rips = self.get_ripint()",Python,SATD
https://github.com/nocproject/noc/blob/90feaa199a07d574e4b628b0021ef65d0163aef4/sa/profiles/Alcatel/TIMOS/get_interface_status_ex.py#L54-L55,"Apply ifOperStatus
 @todo Return index on format tmnxChassisIndex, tmnxPortPortID, needed fix get_iftable",Python,SATD
https://github.com/nocproject/noc/blob/90feaa199a07d574e4b628b0021ef65d0163aef4/sa/profiles/Alcatel/TIMOS/get_lldp_neighbors.py#L78,fix alcatel encode port like hex string,Python,SATD
https://github.com/nocproject/noc/blob/90feaa199a07d574e4b628b0021ef65d0163aef4/sa/profiles/Alcatel/TIMOS/get_lldp_neighbors.py#L234-L235,"@todo if local interface subtype != 5
 ""local_interface_id"": 5,",Python,SATD
https://github.com/nocproject/noc/blob/90feaa199a07d574e4b628b0021ef65d0163aef4/sa/profiles/BDCOM/xPON/get_version.py#L31,"todo: add hardware ver for P3310C, P3608 (snmp output need)",Python,SATD
https://github.com/nocproject/noc/blob/90feaa199a07d574e4b628b0021ef65d0163aef4/sa/profiles/Brocade/ADX/get_interfaces.py#L73,XXX,Python,SATD
https://github.com/nocproject/noc/blob/90feaa199a07d574e4b628b0021ef65d0163aef4/sa/profiles/Cisco/ASA/profile.py#L21,"Fix for exclude ""...Last login: 10:48:33 MS..."" match",Python,SATD
https://github.com/nocproject/noc/blob/90feaa199a07d574e4b628b0021ef65d0163aef4/sa/profiles/Cisco/IOS/get_capabilities.py#L79,@todo:  not tested,Python,SATD
https://github.com/nocproject/noc/blob/90feaa199a07d574e4b628b0021ef65d0163aef4/sa/profiles/Cisco/IOS/get_spanning_tree.py#L45,@todo: detect P2P properly,Python,SATD
https://github.com/nocproject/noc/blob/90feaa199a07d574e4b628b0021ef65d0163aef4/sa/profiles/Cisco/IOS/get_spanning_tree.py#L57,@todo: refine states,Python,SATD
https://github.com/nocproject/noc/blob/90feaa199a07d574e4b628b0021ef65d0163aef4/sa/profiles/Cisco/IOS/get_spanning_tree.py#L73,@todo: refine roles,Python,SATD
https://github.com/nocproject/noc/blob/90feaa199a07d574e4b628b0021ef65d0163aef4/sa/profiles/Cisco/IOSXR/get_capabilities.py#L48,@todo:  not tested,Python,SATD
https://github.com/nocproject/noc/blob/90feaa199a07d574e4b628b0021ef65d0163aef4/sa/profiles/Cisco/SMB/get_spanning_tree.py#L53,@todo: refine roles,Python,SATD
https://github.com/nocproject/noc/blob/90feaa199a07d574e4b628b0021ef65d0163aef4/sa/profiles/Cisco/SMB/get_spanning_tree.py#L68,@todo: refine states,Python,SATD
https://github.com/nocproject/noc/blob/90feaa199a07d574e4b628b0021ef65d0163aef4/sa/profiles/DLink/DxS/get_interfaces.py#L547,TODO: Parse secondary IPv4 address and IPv6 address,Python,SATD
https://github.com/nocproject/noc/blob/90feaa199a07d574e4b628b0021ef65d0163aef4/sa/profiles/EdgeCore/ES/get_portchannel.py#L45,<!> TODO: port-channel type detection,Python,SATD
https://github.com/nocproject/noc/blob/90feaa199a07d574e4b628b0021ef65d0163aef4/sa/profiles/Eltex/MES/profile.py#L134,"""C"": ""physical"",     # @todo: fix",Python,SATD
https://github.com/nocproject/noc/blob/90feaa199a07d574e4b628b0021ef65d0163aef4/sa/profiles/Eltex/MES/profile.py#L151,"""R"": ""aggregated"",   # @todo: fix",Python,SATD
https://github.com/nocproject/noc/blob/90feaa199a07d574e4b628b0021ef65d0163aef4/sa/profiles/Eltex/MES24xx/profile.py#L97,@todo InterfaceType check needed,Python,SATD
https://github.com/nocproject/noc/blob/90feaa199a07d574e4b628b0021ef65d0163aef4/sa/profiles/Generic/get_interfaces.py#L246,For subinterfaces like Fa 0/1.XXX,Python,SATD
https://github.com/nocproject/noc/blob/90feaa199a07d574e4b628b0021ef65d0163aef4/sa/profiles/Generic/get_lldp_neighbors.py#L190-L191,"@todo if local interface subtype != 5
 ""local_interface_id"": 5,",Python,SATD
https://github.com/nocproject/noc/blob/90feaa199a07d574e4b628b0021ef65d0163aef4/sa/profiles/Generic/get_metrics.py#L234,@todo: Check read access,Python,SATD
https://github.com/nocproject/noc/blob/90feaa199a07d574e4b628b0021ef65d0163aef4/sa/profiles/HP/1910/get_interfaces.py#L74-L79,"Get L3 interfaces
 TODO Get router interfaces
 ospfs = self.get_ospfint()
 rips = self.get_ripint()
 bgps = self.get_bgpint()",Python,SATD
https://github.com/nocproject/noc/blob/90feaa199a07d574e4b628b0021ef65d0163aef4/sa/profiles/Huawei/VRP/get_inventory.py#L127-L130,"@todo CHASSIS !
  Slot No.   Brd Type        Brd Status   Subslot Num    Sft Ver
 @todo  6         LSB1XP4CA0      Normal       1              S8500-VRP310-R1648P02
 https://www.manualslib.com/manual/1216852/Huawei-Quidway-S8500-Series.html?page=52",Python,SATD
https://github.com/nocproject/noc/blob/90feaa199a07d574e4b628b0021ef65d0163aef4/sa/profiles/Huawei/VRP/get_inventory.py#L421,@todo Unit devices,Python,SATD
https://github.com/nocproject/noc/blob/90feaa199a07d574e4b628b0021ef65d0163aef4/sa/profiles/Huawei/VRP/get_inventory.py#L515,"Hack for S53XX, no number for PWR",Python,SATD
https://github.com/nocproject/noc/blob/90feaa199a07d574e4b628b0021ef65d0163aef4/sa/profiles/Huawei/VRP/get_spanning_tree.py#L55,@todo: refine roles,Python,SATD
https://github.com/nocproject/noc/blob/90feaa199a07d574e4b628b0021ef65d0163aef4/sa/profiles/Huawei/VRP/get_spanning_tree.py#L65,@todo: refine states,Python,SATD
https://github.com/nocproject/noc/blob/90feaa199a07d574e4b628b0021ef65d0163aef4/sa/profiles/Huawei/VRP/profile.py#L295,@todo migrate to parse_block,Python,SATD
https://github.com/nocproject/noc/blob/90feaa199a07d574e4b628b0021ef65d0163aef4/sa/profiles/Huawei/VRP/profile.py#L313,@todo many table in part ?,Python,SATD
https://github.com/nocproject/noc/blob/90feaa199a07d574e4b628b0021ef65d0163aef4/sa/profiles/Juniper/JUNOS/get_interface_status.py#L34,XXX: Sometime snmpwalk return only loX interfaces,Python,SATD
https://github.com/nocproject/noc/blob/90feaa199a07d574e4b628b0021ef65d0163aef4/sa/profiles/Juniper/JUNOS/get_interfaces.py#L412-L413,"self.logger.debug(""VLANS: %s %s %s"" % (untagged, tagged, l3_ids))
 @todo: Q-in-Q handling",Python,SATD
https://github.com/nocproject/noc/blob/90feaa199a07d574e4b628b0021ef65d0163aef4/sa/profiles/Juniper/JUNOS/profile.py#L184,"Cut first line with ""show XXX...""",Python,SATD
https://github.com/nocproject/noc/blob/90feaa199a07d574e4b628b0021ef65d0163aef4/sa/profiles/Juniper/JUNOSe/get_interface_status.py#L32,XXX: Sometime snmpwalk return only loX interfaces,Python,SATD
https://github.com/nocproject/noc/blob/90feaa199a07d574e4b628b0021ef65d0163aef4/sa/profiles/NSN/TIMOS/get_interface_status_ex.py#L54-L55,"Apply ifOperStatus
 @todo Return index on format tmnxChassisIndex, tmnxPortPortID, needed fix get_iftable",Python,SATD
https://github.com/nocproject/noc/blob/90feaa199a07d574e4b628b0021ef65d0163aef4/sa/profiles/NSN/TIMOS/get_lldp_neighbors.py#L62,fix alcatel encode port like hex string,Python,SATD
https://github.com/nocproject/noc/blob/90feaa199a07d574e4b628b0021ef65d0163aef4/sa/profiles/NSN/TIMOS/get_lldp_neighbors.py#L230-L231,"@todo if local interface subtype != 5
 ""local_interface_id"": 5,",Python,SATD
https://github.com/nocproject/noc/blob/90feaa199a07d574e4b628b0021ef65d0163aef4/sa/profiles/Qtech/QFC/get_inventory.py#L19-L20,"@todo Old version merge to one OID
 Optron input for 1 to 4",Python,SATD
https://github.com/nocproject/noc/blob/90feaa199a07d574e4b628b0021ef65d0163aef4/sa/profiles/Qtech/QSW/get_interfaces.py#L73-L74,"TODO
 Get portchannes",Python,SATD
https://github.com/nocproject/noc/blob/90feaa199a07d574e4b628b0021ef65d0163aef4/sa/profiles/Qtech/QSW/get_interfaces.py#L160,TODO Get router interfaces,Python,SATD
https://github.com/nocproject/noc/blob/90feaa199a07d574e4b628b0021ef65d0163aef4/sa/profiles/Qtech/QSW2800/profile.py#L154,@todo many table in part ?,Python,SATD
https://github.com/nocproject/noc/blob/90feaa199a07d574e4b628b0021ef65d0163aef4/sa/profiles/Raisecom/ROS/profile.py#L113-L114,"for ISCOM26(?:24|08)G
 @todo use matchers",Python,SATD
https://github.com/nocproject/noc/blob/90feaa199a07d574e4b628b0021ef65d0163aef4/sa/profiles/SKS/SKS/get_interfaces.py#L21,Fix stuck CLI after execute command show interface vlan GigaEthernet1/0/20,Python,SATD
https://github.com/nocproject/noc/blob/90feaa199a07d574e4b628b0021ef65d0163aef4/sa/profiles/Ttronics/KUB/get_inventory.py#L46,@todo Amper .1.3.6.1.4.1.51315.1.19.0,Python,SATD
https://github.com/nocproject/noc/blob/90feaa199a07d574e4b628b0021ef65d0163aef4/scripts/docs/gen-alarm-classes-reference.py#L25-L26,"@todo: Arbitrary ToC depth
 @todo: en/ru",Python,SATD
https://github.com/nocproject/noc/blob/90feaa199a07d574e4b628b0021ef65d0163aef4/scripts/docs/gen-event-classes-reference.py#L25-L26,"@todo: Arbitrary ToC depth
 @todo: en/ru",Python,SATD
https://github.com/nocproject/noc/blob/90feaa199a07d574e4b628b0021ef65d0163aef4/services/bi/paths/bi.py#L301,@todo: Filter by groups,Python,SATD
https://github.com/nocproject/noc/blob/90feaa199a07d574e4b628b0021ef65d0163aef4/services/bi/paths/bi.py#L353,@todo: Generate title,Python,SATD
https://github.com/nocproject/noc/blob/90feaa199a07d574e4b628b0021ef65d0163aef4/services/bi/paths/bi.py#L482,@todo username - list groups for user,Python,SATD
https://github.com/nocproject/noc/blob/90feaa199a07d574e4b628b0021ef65d0163aef4/services/bi/paths/bi.py#L542,@todo Clear rights (protect Admin rights?),Python,SATD
https://github.com/nocproject/noc/blob/90feaa199a07d574e4b628b0021ef65d0163aef4/services/card/cards/alarm.py#L51,@todo: Address data,Python,SATD
https://github.com/nocproject/noc/blob/90feaa199a07d574e4b628b0021ef65d0163aef4/services/card/cards/interfacepath.py#L102,@todo: Encrypt,Python,SATD
https://github.com/nocproject/noc/blob/90feaa199a07d574e4b628b0021ef65d0163aef4/services/card/cards/managedobject.py#L73,@todo: Address data,Python,SATD
https://github.com/nocproject/noc/blob/90feaa199a07d574e4b628b0021ef65d0163aef4/services/card/cards/managedobject.py#L84-L86,"@todo: Stage
 @todo: Service range
 @todo: Open TT",Python,SATD
https://github.com/nocproject/noc/blob/90feaa199a07d574e4b628b0021ef65d0163aef4/services/card/cards/managedobject.py#L279-L280,"@todo: Administrative domain path
 Alarms",Python,SATD
https://github.com/nocproject/noc/blob/90feaa199a07d574e4b628b0021ef65d0163aef4/services/correlator/alarmaction.py#L450-L451,"@todo r.document != tt_id
 Project result to escalation items",Python,SATD
https://github.com/nocproject/noc/blob/90feaa199a07d574e4b628b0021ef65d0163aef4/services/correlator/service.py#L133,@fixme have to be configured ?,Python,SATD
https://github.com/nocproject/noc/blob/90feaa199a07d574e4b628b0021ef65d0163aef4/services/correlator/service.py#L526,@todo: Make configurable,Python,SATD
https://github.com/nocproject/noc/blob/90feaa199a07d574e4b628b0021ef65d0163aef4/services/correlator/service.py#L635,@todo: Fix,Python,SATD
https://github.com/nocproject/noc/blob/90feaa199a07d574e4b628b0021ef65d0163aef4/services/correlator/service.py#L843,@todo: Rewrite to scheduler,Python,SATD
https://github.com/nocproject/noc/blob/90feaa199a07d574e4b628b0021ef65d0163aef4/services/correlator/service.py#L1319,@todo bulk alarm method,Python,SATD
https://github.com/nocproject/noc/blob/90feaa199a07d574e4b628b0021ef65d0163aef4/services/correlator/service.py#L1811,@todo Update datastream ?,Python,SATD
https://github.com/nocproject/noc/blob/90feaa199a07d574e4b628b0021ef65d0163aef4/services/datastream/streams/dnszone.py#L203-L206,"@todo: Filter by VRF
 @todo: Filter by profile
 @todo: Get ttl from profile
 Build query",Python,SATD
https://github.com/nocproject/noc/blob/90feaa199a07d574e4b628b0021ef65d0163aef4/services/datastream/streams/managedobject.py#L543,@@todo Meta fields for deleted object,Python,SATD
https://github.com/nocproject/noc/blob/90feaa199a07d574e4b628b0021ef65d0163aef4/services/datastream/streams/service.py#L173,@@todo Meta fields for deleted object,Python,SATD
https://github.com/nocproject/noc/blob/90feaa199a07d574e4b628b0021ef65d0163aef4/services/discovery/jobs/box/address.py#L238,@todo: Check DHCP server capability,Python,SATD
https://github.com/nocproject/noc/blob/90feaa199a07d574e4b628b0021ef65d0163aef4/services/discovery/jobs/box/address.py#L384-L385,"@todo: Change profile
 Change managed object",Python,SATD
https://github.com/nocproject/noc/blob/90feaa199a07d574e4b628b0021ef65d0163aef4/services/discovery/jobs/box/asset.py#L631,"@todo rename sensors, need sensor_num for deduplicate",Python,SATD
https://github.com/nocproject/noc/blob/90feaa199a07d574e4b628b0021ef65d0163aef4/services/discovery/jobs/box/asset.py#L825,Temporary fix,Python,SATD
https://github.com/nocproject/noc/blob/90feaa199a07d574e4b628b0021ef65d0163aef4/services/discovery/jobs/box/fdp.py#L28,@todo get_neighbors_by_serial,Python,SATD
https://github.com/nocproject/noc/blob/90feaa199a07d574e4b628b0021ef65d0163aef4/services/discovery/jobs/box/interface.py#L81,@todo l2domain,Python,SATD
https://github.com/nocproject/noc/blob/90feaa199a07d574e4b628b0021ef65d0163aef4/services/discovery/jobs/box/lldp.py#L107-L108,"Some platforms emits wierd LLDP neighbor information.
 Try to retrieve usable parts and fix packets",Python,SATD
https://github.com/nocproject/noc/blob/90feaa199a07d574e4b628b0021ef65d0163aef4/services/discovery/jobs/box/lldp.py#L214,Try to find interface with given MAC address. TODO: clean MAC.,Python,SATD
https://github.com/nocproject/noc/blob/90feaa199a07d574e4b628b0021ef65d0163aef4/services/discovery/jobs/box/version.py#L90-L91,"@todo: Check next_version and report upgrade
 Sync image",Python,SATD
https://github.com/nocproject/noc/blob/90feaa199a07d574e4b628b0021ef65d0163aef4/services/discovery/jobs/box/vpn.py#L75,@todo: Only VRFs for now,Python,SATD
https://github.com/nocproject/noc/blob/90feaa199a07d574e4b628b0021ef65d0163aef4/services/discovery/jobs/box/vpn.py#L151,@todo: Check VPN capability,Python,SATD
https://github.com/nocproject/noc/blob/90feaa199a07d574e4b628b0021ef65d0163aef4/services/discovery/jobs/box/vpn.py#L292,@todo: Implement properly,Python,SATD
https://github.com/nocproject/noc/blob/90feaa199a07d574e4b628b0021ef65d0163aef4/services/discovery/jobs/segment/mac.py#L50-L51,"Fetch latest MAC tables snapshots from ClickHouse
 @todo: Apply vlan restrictions",Python,SATD
https://github.com/nocproject/noc/blob/90feaa199a07d574e4b628b0021ef65d0163aef4/services/discovery/jobs/segment/mac.py#L150,@todo lacp,Python,SATD
https://github.com/nocproject/noc/blob/90feaa199a07d574e4b628b0021ef65d0163aef4/services/escalator/escalation.py#L50,@fixme have to be checked,Python,SATD
https://github.com/nocproject/noc/blob/90feaa199a07d574e4b628b0021ef65d0163aef4/services/escalator/escalation.py#L439,@todo: Check escalation status for already escalated and maintenance?,Python,SATD
https://github.com/nocproject/noc/blob/90feaa199a07d574e4b628b0021ef65d0163aef4/services/escalator/escalation.py#L581,@todo: Append profile,Python,SATD
https://github.com/nocproject/noc/blob/90feaa199a07d574e4b628b0021ef65d0163aef4/services/escalator/escalation.py#L711,@todo: Check maintenance for all consequences,Python,SATD
https://github.com/nocproject/noc/blob/90feaa199a07d574e4b628b0021ef65d0163aef4/services/escalator/escalation.py#L754,@todo save to escalation doc,Python,SATD
https://github.com/nocproject/noc/blob/90feaa199a07d574e4b628b0021ef65d0163aef4/services/escalator/escalation.py#L756-L758,"Check global limits
 @todo: Move into escalator service
 @todo: Process per-ttsystem limits",Python,SATD
https://github.com/nocproject/noc/blob/90feaa199a07d574e4b628b0021ef65d0163aef4/services/grafanads/jsonds.py#L527-L535,"@todo dict request
 if lf.is_required and field not in payload:
     raise HTTPException(status_code=400, detail=f""Field {field} is required in query"")

 try:
     payload = self.query_payload.parse_obj(payload)
 except ValidationError as e:
     raise HTTPException(status_code=400, detail=str(e)) from e
 return payload.expr",Python,SATD
https://github.com/nocproject/noc/blob/90feaa199a07d574e4b628b0021ef65d0163aef4/services/login/paths/token.py#L33-L34,"@todo: Find the way to pass req to openapi schema
 req: TokenRequest,",Python,SATD
https://github.com/nocproject/noc/blob/90feaa199a07d574e4b628b0021ef65d0163aef4/services/metrics/service.py#L338-L339,"@todo: Still naive implementation based around the scope
 @todo: Must be replaced by profile-based card stack generator",Python,SATD
https://github.com/nocproject/noc/blob/90feaa199a07d574e4b628b0021ef65d0163aef4/services/metrics/service.py#L820,Hack for ConfigProxy use,Python,SATD
https://github.com/nocproject/noc/blob/90feaa199a07d574e4b628b0021ef65d0163aef4/services/ping/service.py#L349,@todo: Send unthrottling message,Python,SATD
https://github.com/nocproject/noc/blob/90feaa199a07d574e4b628b0021ef65d0163aef4/services/ping/service.py#L357,@todo: Send throttling message,Python,SATD
https://github.com/nocproject/noc/blob/90feaa199a07d574e4b628b0021ef65d0163aef4/services/web/apps/fm/alarm/views.py#L280,@todo Добавить исключение (только этот) !ID,Python,SATD
https://github.com/nocproject/noc/blob/90feaa199a07d574e4b628b0021ef65d0163aef4/services/web/apps/fm/reportalarmcomments/views.py#L174,@todo More 2 level hierarhy,Python,SATD
https://github.com/nocproject/noc/blob/90feaa199a07d574e4b628b0021ef65d0163aef4/services/web/apps/inv/interface/views.py#L169-L171,"Physical interfaces
 @todo: proper ordering
 style_cache = {}  # profile_id -> css_style",Python,SATD
https://github.com/nocproject/noc/blob/90feaa199a07d574e4b628b0021ef65d0163aef4/services/web/apps/inv/inv/plugins/commutation.py#L152,@todo: Process later,Python,SATD
https://github.com/nocproject/noc/blob/90feaa199a07d574e4b628b0021ef65d0163aef4/services/web/apps/inv/inv/plugins/commutation.py#L326,@todo: Implement properly,Python,SATD
https://github.com/nocproject/noc/blob/90feaa199a07d574e4b628b0021ef65d0163aef4/services/web/apps/inv/map/views.py#L622,@todo: Get last values from cache,Python,SATD
https://github.com/nocproject/noc/blob/90feaa199a07d574e4b628b0021ef65d0163aef4/services/web/apps/ip/ipam/views.py#L104-L105,"Interpolate string to valid IPv6 address
 @todo: implement",Python,SATD
https://github.com/nocproject/noc/blob/90feaa199a07d574e4b628b0021ef65d0163aef4/services/web/apps/ip/ipam/views.py#L131-L132,"List of nested prefixes
 @todo: prefetch_related",Python,SATD
https://github.com/nocproject/noc/blob/90feaa199a07d574e4b628b0021ef65d0163aef4/services/web/apps/sa/managedobject/views.py#L418,@todo Добавить исключение (только этот) !ID,Python,SATD
https://github.com/nocproject/noc/blob/90feaa199a07d574e4b628b0021ef65d0163aef4/services/web/apps/sa/managedobject/views.py#L437,TODO This functionality is not implemented in frontend,Python,SATD
https://github.com/nocproject/noc/blob/90feaa199a07d574e4b628b0021ef65d0163aef4/services/web/apps/sa/managedobject/views.py#L707-L708,"Physical interfaces
 @todo: proper ordering",Python,SATD
https://github.com/nocproject/noc/blob/90feaa199a07d574e4b628b0021ef65d0163aef4/services/web/apps/sa/managedobject/views.py#L1098,@todo: Check access,Python,SATD
https://github.com/nocproject/noc/blob/90feaa199a07d574e4b628b0021ef65d0163aef4/services/web/apps/sa/managedobject/views.py#L1227-L1230,"CPE
 @todo: proper ordering
 default_state = ResourceState.get_default()
 style_cache = {}  # profile_id -> css_style",Python,SATD
https://github.com/nocproject/noc/blob/90feaa199a07d574e4b628b0021ef65d0163aef4/services/web/base/application.py#L119,@fixme remove,Python,SATD
https://github.com/nocproject/noc/blob/90feaa199a07d574e4b628b0021ef65d0163aef4/services/web/base/docinline.py#L253,@todo: Check for valid lookup types,Python,SATD
https://github.com/nocproject/noc/blob/90feaa199a07d574e4b628b0021ef65d0163aef4/services/web/base/docinline.py#L304,Todo: Fix,Python,SATD
https://github.com/nocproject/noc/blob/90feaa199a07d574e4b628b0021ef65d0163aef4/services/web/base/docinline.py#L356-L358,"Exclude callable values from query
 (Django raises exception on pyRules)
 @todo: Check unique fields only?",Python,SATD
https://github.com/nocproject/noc/blob/90feaa199a07d574e4b628b0021ef65d0163aef4/services/web/base/docinline.py#L435,@todo: Detect errors,Python,SATD
https://github.com/nocproject/noc/blob/90feaa199a07d574e4b628b0021ef65d0163aef4/services/web/base/extdocapplication.py#L82,@todo: detect properly,Python,SATD
https://github.com/nocproject/noc/blob/90feaa199a07d574e4b628b0021ef65d0163aef4/services/web/base/extdocapplication.py#L293,@todo: correct __ lookups,Python,SATD
https://github.com/nocproject/noc/blob/90feaa199a07d574e4b628b0021ef65d0163aef4/services/web/base/extdocapplication.py#L546,@todo: Check for duplicates,Python,SATD
https://github.com/nocproject/noc/blob/90feaa199a07d574e4b628b0021ef65d0163aef4/services/web/base/extmodelapplication.py#L368,@todo: Check for valid lookup types,Python,SATD
https://github.com/nocproject/noc/blob/90feaa199a07d574e4b628b0021ef65d0163aef4/services/web/base/extmodelapplication.py#L630-L632,"Exclude callable values from query
 (Django raises exception on pyRules)
 @todo: Check unique fields only?",Python,SATD
https://github.com/nocproject/noc/blob/90feaa199a07d574e4b628b0021ef65d0163aef4/services/web/base/modelinline.py#L297,@todo: Check for valid lookup types,Python,SATD
https://github.com/nocproject/noc/blob/90feaa199a07d574e4b628b0021ef65d0163aef4/services/web/base/modelinline.py#L340,Todo: Fix,Python,SATD
https://github.com/nocproject/noc/blob/90feaa199a07d574e4b628b0021ef65d0163aef4/services/web/base/modelinline.py#L392-L394,"Exclude callable values from query
 (Django raises exception on pyRules)
 @todo: Check unique fields only?",Python,SATD
https://github.com/nocproject/noc/blob/90feaa199a07d574e4b628b0021ef65d0163aef4/services/web/base/modelinline.py#L466,@todo: Detect errors,Python,SATD
https://github.com/nocproject/noc/blob/90feaa199a07d574e4b628b0021ef65d0163aef4/services/web/base/reportdatasources/base.py#L108,Todo,Python,SATD
https://github.com/nocproject/noc/blob/90feaa199a07d574e4b628b0021ef65d0163aef4/services/web/base/reportdatasources/base.py#L132-L133,"@todo Check Duplicate ID
 If row_id equal current sync_id - set value",Python,SATD
https://github.com/nocproject/noc/blob/90feaa199a07d574e4b628b0021ef65d0163aef4/services/web/base/reportdatasources/base.py#L158-L161,"@todo Variant:
 1. if sync_ids use to filter in _extract - sync_ids and _extract ending together
 2. if sync_ids end before _extract ?
 3. if _extract end before sync_ids ?",Python,SATD
https://github.com/nocproject/noc/blob/90feaa199a07d574e4b628b0021ef65d0163aef4/services/web/base/reportdatasources/base.py#L185,@todo use column as dict,Python,SATD
https://github.com/nocproject/noc/blob/90feaa199a07d574e4b628b0021ef65d0163aef4/services/web/base/reportdatasources/base.py#L272,"@todo remove d_Q, example changing to class",Python,SATD
https://github.com/nocproject/noc/blob/90feaa199a07d574e4b628b0021ef65d0163aef4/services/web/base/reportdatasources/report_objectifacesstatusstat.py#L27,@todo Make reports field,Python,SATD
https://github.com/nocproject/noc/blob/90feaa199a07d574e4b628b0021ef65d0163aef4/services/web/base/reportdatasources/report_objectifacesstatusstat.py#L65,@todo Fix Down,Python,SATD
https://github.com/nocproject/noc/blob/90feaa199a07d574e4b628b0021ef65d0163aef4/services/web/base/reportdatasources/report_objectstat.py#L283,"@todo split to CLI porblem, SNMP (Access Problem) ... etc",Python,SATD
https://github.com/nocproject/noc/blob/90feaa199a07d574e4b628b0021ef65d0163aef4/services/web/base/site.py#L384-L385,"Django JS Translation
 @todo: Remove?",Python,SATD
https://github.com/nocproject/noc/blob/90feaa199a07d574e4b628b0021ef65d0163aef4/support/models/crashinfo.py#L55,@todo: comment,Python,SATD
https://github.com/nocproject/noc/blob/90feaa199a07d574e4b628b0021ef65d0163aef4/wf/models/transition.py#L241,@todo: Catch exceptions,Python,SATD
https://github.com/nocproject/noc/blob/b44bb568e46ff20037396dff4782ab5a576f6ce4/core/clickhouse/model.py#L789,@todo: !!!,Python,SATD
https://github.com/nocproject/noc/blob/f7b6180022bb8dabd402fb1da2b7754450e96c22/ui/web/core/ModelApplication.js#L273,@todo: Smarter solution using Ext.Class.alias,JavaScript,SATD
https://github.com/nocproject/noc/blob/f7b6180022bb8dabd402fb1da2b7754450e96c22/ui/web/core/ModelApplication.js#L388,@todo: Replace with preview api,JavaScript,SATD
https://github.com/nocproject/noc/blob/f7b6180022bb8dabd402fb1da2b7754450e96c22/ui/web/core/ModelApplication.js#L404,@todo: Detect panel instances,JavaScript,SATD
https://github.com/nocproject/noc/blob/f7b6180022bb8dabd402fb1da2b7754450e96c22/ui/web/core/ModelApplication.js#L785,@todo: Error report,JavaScript,SATD
https://github.com/nocproject/noc/blob/f7b6180022bb8dabd402fb1da2b7754450e96c22/ui/web/core/ModelApplication.js#L821-L822,"Process result
 @todo: Update current record with data",JavaScript,SATD
https://github.com/nocproject/noc/blob/f7b6180022bb8dabd402fb1da2b7754450e96c22/ui/web/core/ModelApplication.js#L836,Apply updated filter and fix url,JavaScript,SATD
https://github.com/nocproject/noc/blob/f7b6180022bb8dabd402fb1da2b7754450e96c22/ui/web/core/ModelApplication.js#L956,hack to get instance of .TreeCombo class,JavaScript,SATD
https://github.com/nocproject/noc/blob/f7b6180022bb8dabd402fb1da2b7754450e96c22/ui/web/core/ModelApplication.js#L1142-L1143,"Save button pressed
 @Todo: check access",JavaScript,SATD
https://github.com/nocproject/noc/blob/f7b6180022bb8dabd402fb1da2b7754450e96c22/ui/web/core/ModelApplication.js#L1606,fix catch changeDirty,JavaScript,SATD
https://github.com/nocproject/noc/blob/f7b6180022bb8dabd402fb1da2b7754450e96c22/ui/web/core/ModelApplication.js#L1638,ToDo use onTriggerClick,JavaScript,SATD
https://github.com/nocproject/noc/blob/f7b6180022bb8dabd402fb1da2b7754450e96c22/ui/web/core/ModelApplication.js#L1666,ToDo use this.callParent(arguments),JavaScript,SATD
https://github.com/nocproject/noc/blob/f7b6180022bb8dabd402fb1da2b7754450e96c22/ui/web/core/ModelApplication.js#L1754,@todo: check access,JavaScript,SATD
https://github.com/nocproject/noc/blob/f7b6180022bb8dabd402fb1da2b7754450e96c22/ui/web/core/ModelApplication.js#L1916,@todo: Form validation,JavaScript,SATD
https://github.com/nocproject/noc/blob/e7c493ebb03212084967dd6d6535f744f3499c75/services/discovery/jobs/box/address.py#L238,@todo: Check DHCP server capability,Python,SATD
https://github.com/nocproject/noc/blob/e7c493ebb03212084967dd6d6535f744f3499c75/services/discovery/jobs/box/address.py#L384-L385,"@todo: Change profile
 Change managed object",Python,SATD
https://github.com/nocproject/noc/blob/07d52acecfff77b1f637f17518d3dac6c090b843/pyproject.toml#L179,"# Always autofix, but never try to fix `F401` (unused imports).",Unknown,SATD
https://github.com/nocproject/noc/blob/07d52acecfff77b1f637f17518d3dac6c090b843/pyproject.toml#L180,#fix = true,Unknown,SATD
https://github.com/nocproject/noc/blob/70668f116b9b7e35c00941468dbb3ff1264126a6/sa/models/managedobjectprofile.py#L230-L231,"@todo: Name validation function
 FM settings",Python,SATD
https://github.com/OADA/oada-srvc-docker/blob/a1c8bda1039dcbbe7d6aa1d55becc3dfba62229b/.github/workflows/build-and-push-services.yml#L99,# Only run one build at a time to fix layer reuse?,YAML,SATD
https://github.com/OADA/oada-srvc-docker/blob/a1c8bda1039dcbbe7d6aa1d55becc3dfba62229b/.github/workflows/build-and-push-services.yml#L136-L138,"# Temp fix
# https://github.com/docker/build-push-action/issues/252
# https://github.com/moby/buildkit/issues/1896",YAML,SATD
https://github.com/OADA/oada-srvc-docker/blob/a1c8bda1039dcbbe7d6aa1d55becc3dfba62229b/.github/workflows/build-and-push-services.yml#L353-L354,"# Create a ""release"" compose file and attack it to a draft GitHub release.
# TODO: Disallow release if high severity vulnerabilities, failing tests, etc.?",YAML,SATD
https://github.com/OADA/oada-srvc-docker/blob/a1c8bda1039dcbbe7d6aa1d55becc3dfba62229b/.github/workflows/build-and-push-services.yml#L402,# TODO: More detailed check?,YAML,SATD
https://github.com/OADA/oada-srvc-docker/blob/6ac59acc9f441a26af9bc6481380e56150442723/docker-compose.yml#L183,# Hack in self-signed ssl for localhost,YAML,SATD
https://github.com/OADA/oada-srvc-docker/blob/7d433c6a3a98a2d2d67549093514af4424dcaf71/charts/oada/templates/uservice.yaml#L77,# TODO: Better liveness checks,YAML,SATD
https://github.com/Patrik-Stas/indyscan/blob/2a8b73450a5f78becff79d4f27027d85c2d078b4/indyscan-webapp/components/TxPreview/TxPreview.js#L30-L31,"todo: display this
 utcDateString = moment.utc(txnTimeIso8601).format('do MMMM YYYY, HH:mm:ss a')",JavaScript,SATD
https://github.com/Patrik-Stas/indyscan/blob/5598adf734c5588813a51617d77c07f5684871c4/indyscan-webapp/components/TxPreview/TxPreview.js#L30-L31,"todo: display this
 utcDateString = moment.utc(txnTimeIso8601).format('do MMMM YYYY, HH:mm:ss a')",JavaScript,SATD
https://github.com/taskcluster/taskcluster/blob/06a10184ce7729a931e41f99faf99b54aa003c02/workers/generic-worker/main.go#L50,a horrible simple hack for testing reclaims,Go,SATD
https://github.com/taskcluster/taskcluster/blob/06a10184ce7729a931e41f99faf99b54aa003c02/workers/generic-worker/main.go#L237-L240,"first assign defaults
 TODO: would be better to have a json schema, and also define defaults in
 only one place if possible (defaults also declared in `usage`)",Go,SATD
https://github.com/taskcluster/taskcluster/blob/76217b7aae8ff6aab0c586875966e4b9dbf8573d/internal/mocktc/queueprovider.go#L28,"TODO: currently mocks don't support more than one task run per task - and all assume runId == ""0""",Go,SATD
https://github.com/taskcluster/taskcluster/blob/76217b7aae8ff6aab0c586875966e4b9dbf8573d/tools/d2g/d2gtest/d2g_test.go#L134-L137,"TODO: check if this works as expected (create explicit test cases for this)
 setting defaults and unmarshaling a second time
 because this seems to fix the issue with defaults
 not being applied to slices",Go,SATD
https://github.com/taskcluster/taskcluster/blob/76217b7aae8ff6aab0c586875966e4b9dbf8573d/tools/d2g/d2gtest/d2g_test.go#L258-L260,"Takes json []byte input, unmarshals and then marshals, in order to get a
 canonical representation of json (i.e. formatted with objects ordered).
 Ugly and perhaps inefficient, but effective! :p",Go,SATD
https://github.com/taskcluster/taskcluster/blob/76217b7aae8ff6aab0c586875966e4b9dbf8573d/tools/jsonschema2go/jsonschema.go#L874,TODO: may be better to use https://golang.org/pkg/net/http/#NewFileTransport here??,Go,SATD
https://github.com/taskcluster/taskcluster/blob/76217b7aae8ff6aab0c586875966e4b9dbf8573d/tools/livelog/main.go#L126-L127,"TODO: Allow the input stream to configure headers rather then assume
 intentions...",Go,SATD
https://github.com/taskcluster/taskcluster/blob/76217b7aae8ff6aab0c586875966e4b9dbf8573d/tools/livelog/main.go#L163-L172,"TODO: Right now this is a collection of hacks until we build out something
 nice which can handle multiple log connections. Right now the intent is to
 use this as a process per task (which has overhead) but should be fairly
 clean (memory wise) in the long run as we will terminate the process
 frequently per task run.
 portAddressOrExit is a helper function to translate a port number in an
 envronment variable into a valid address string which can be used when
 starting web service. This helper function will cause the go program to
 exit if an invalid value is specified in the environment variable.",Go,SATD
https://github.com/taskcluster/taskcluster/blob/76217b7aae8ff6aab0c586875966e4b9dbf8573d/tools/taskcluster-proxy/authorization_test.go#L358-L359,"note that we do not expect to have permissions to create this; 403 is success
 TODO: ^^ not actually true as it doesn't check the body until auth is OK",Go,SATD
https://github.com/taskcluster/taskcluster/blob/76217b7aae8ff6aab0c586875966e4b9dbf8573d/tools/taskcluster-proxy/main.go#L67,Fetch a task by TaskID.  This is broken out to allow testing.,Go,SATD
https://github.com/taskcluster/taskcluster/blob/76217b7aae8ff6aab0c586875966e4b9dbf8573d/tools/websocktunnel/client/client.go#L240,reconnect is used to repair broken connections,Go,SATD
https://github.com/taskcluster/taskcluster/blob/76217b7aae8ff6aab0c586875966e4b9dbf8573d/workers/generic-worker/artifact_feature.go#L255-L263,"File should be resolved as an S3Artifact if file exists as file and is
 readable, otherwise i) if it does not exist as a ""file-missing-on-worker"" ErrorArtifact,
 or ii) if it cannot be read by the task user, as a ""file-not-readable-on-worker"" ErrorArtifact,
 otherwise if it exists as a directory, as an ""invalid-resource-on-worker"" ErrorArtifact.
 A directory should resolve as `nil` if directory exists as directory and is readable,
 otherwise i) if it does not exist or ii) cannot be read, as a ""file-missing-on-worker""
 ErrorArtifact, otherwise if it exists as a file, as
 ""invalid-resource-on-worker"" ErrorArtifact
 TODO: need to also handle ""too-large-file-on-worker""",Go,SATD
https://github.com/taskcluster/taskcluster/blob/76217b7aae8ff6aab0c586875966e4b9dbf8573d/workers/generic-worker/artifacts.go#L163-L173,"Windows syscall logs are sent to stdout, even though the code appears
 to send to stderr through the log package.
 TODO: Figure out why this is the case and remove this hack.
 https://github.com/taskcluster/taskcluster/issues/6677

 We need to get the filepath from the final line of output.

 Example output:
 2023/11/07 19:56:06Z Making system call GetProfilesDirectoryW with args: [C0000C15F0 C00027E980]
 2023/11/07 19:56:06Z   Result: 1 0 The operation completed successfully.
 C:\Windows\SystemTemp\TestPrivilegedFileUpload664016823956663638",Go,SATD
https://github.com/taskcluster/taskcluster/blob/76217b7aae8ff6aab0c586875966e4b9dbf8573d/workers/generic-worker/artifacts/error.go#L24,TODO: process error response,Go,SATD
https://github.com/taskcluster/taskcluster/blob/76217b7aae8ff6aab0c586875966e4b9dbf8573d/workers/generic-worker/d2g_test.go#L1041-L1044,"TODO: create a task that generates a small docker image, with an index,
 and submit it and then modify the task below to pull in that image. The
 artifact should expire quickly, because maybe the task is run against a
 real taskcluster instance, not necessarily a mock.",Go,SATD
https://github.com/taskcluster/taskcluster/blob/76217b7aae8ff6aab0c586875966e4b9dbf8573d/workers/generic-worker/gwconfig/config.go#L120,TODO: we should be using json schema here,Go,SATD
https://github.com/taskcluster/taskcluster/blob/76217b7aae8ff6aab0c586875966e4b9dbf8573d/workers/generic-worker/insecure.go#L155-L156,"TODO: here we should be able to rename when oldpath and newpath are on
 different partitions - for now this will cover 99% of cases.",Go,SATD
https://github.com/taskcluster/taskcluster/blob/76217b7aae8ff6aab0c586875966e4b9dbf8573d/workers/generic-worker/livelog/livelog.go#L142-L147,"We need to wait until PUT port is opened which is some time after the
 livelog process has started...
 Note we can't wait for GET port to be active before returning since
 livelog will only serve from that port once some content is sent - so no
 good to execute httputil.WaitForLocalTCPListener(l.getPort) here...  We
 would need to fix this in livelog codebase not here...",Go,SATD
https://github.com/taskcluster/taskcluster/blob/76217b7aae8ff6aab0c586875966e4b9dbf8573d/workers/generic-worker/livelog/livelog_test.go#L24-L29,"Do defer before checking err since err could be a different error and
 process may have already started up.

 TODO: Think about if there is a better way to handle this, e.g. with a
 callback function or the method itself killing the process if there is
 an error after process is started up, etc.",Go,SATD
https://github.com/taskcluster/taskcluster/blob/76217b7aae8ff6aab0c586875966e4b9dbf8573d/workers/generic-worker/main.go#L50,a horrible simple hack for testing reclaims,Go,SATD
https://github.com/taskcluster/taskcluster/blob/76217b7aae8ff6aab0c586875966e4b9dbf8573d/workers/generic-worker/main.go#L237-L240,"first assign defaults
 TODO: would be better to have a json schema, and also define defaults in
 only one place if possible (defaults also declared in `usage`)",Go,SATD
https://github.com/taskcluster/taskcluster/blob/76217b7aae8ff6aab0c586875966e4b9dbf8573d/workers/generic-worker/mounts_test.go#L152-L161,"TODO: maybe want to create a test where an error artifact is uploaded but
 task is resolved as successful, and then have artifact content that mounts
 the error artifact. This would be a bizarre test case though as it would be
 unusual for a task to resolve successfully if it contains error artifacts -
 although there is nothing stopping a task from publishing error artifacts
 and then resolving successfully - so it could be an attack vector for a
 malicious task.
 TestNonExistentArtifact depends on an artifact that does not exist from a
 task that *does* exist.",Go,SATD
https://github.com/taskcluster/taskcluster/blob/76217b7aae8ff6aab0c586875966e4b9dbf8573d/workers/generic-worker/multiuser_posix.go#L114-L115,"TODO: here we should be able to rename when oldpath and newpath are on
 different partitions - for now this will cover 99% of cases.",Go,SATD
https://github.com/taskcluster/taskcluster/blob/76217b7aae8ff6aab0c586875966e4b9dbf8573d/workers/generic-worker/os_groups_multiuser_freebsd.go#L10,"TODO copied from Linux version, need to find out what to do for FreeBSD",Go,SATD
https://github.com/taskcluster/taskcluster/blob/76217b7aae8ff6aab0c586875966e4b9dbf8573d/workers/generic-worker/os_groups_multiuser_test.go#L53,"TODO: copied from Linux, probably needs changing",Go,SATD
https://github.com/taskcluster/taskcluster/blob/76217b7aae8ff6aab0c586875966e4b9dbf8573d/workers/generic-worker/process/multiuser_windows.go#L150-L151,"This is the SID of ""Everyone"" group
 TODO: we should probably change this to the logon SID of the user",Go,SATD
https://github.com/taskcluster/taskcluster/blob/76217b7aae8ff6aab0c586875966e4b9dbf8573d/workers/generic-worker/taskstatus.go#L230,TODO: implement cancelling of tasks,Go,SATD
https://github.com/taskcluster/taskcluster/blob/598ab62cc3a993e3c68bbffe9d3ce6e66f1a4874/services/queue/src/api.js#L65-L90,"*
 * API end-point for version v1/
 *
 * @type {APIBuilder<{
 *  cfg: object;
 *  db: import('@taskcluster/lib-postgres').Database;
 *  monitor: import('@taskcluster/lib-monitor').Monitor;
 *  publisher: import('@taskcluster/lib-pulse').PulsePublisher; // TODO add generic type
 *  taskGroupExpiresExtension: object; // todo
 *  signPublicArtifactUrls: object; // todo
 *  publicBucket: import('./bucket.js');
 *  privateBucket: import('./bucket.js');
 *  claimTimeout: object; // todo
 *  queueService: object; // todo
 *  regionResolver: object; // todo
 *  credentials: object; // todo
 *  dependencyTracker: object; // todo
 *  workClaimer: object; // todo
 *  workerInfo: object; // todo
 *  artifactRegion: object; // todo
 *  LRUcache: import('quick-lru')<string, any>;
 *  objectService: object; // todo
 *  maxTaskDeadlineDays: object; // todo
 *  taskMaxDependencies: object; // todo
 * }>}",JavaScript,SATD
https://github.com/taskcluster/taskcluster/blob/598ab62cc3a993e3c68bbffe9d3ce6e66f1a4874/services/queue/src/api.js#L1247-L1248,"Hack to get promises that resolve after 20s without creating a setTimeout
 for each, instead we create a new promise every 2s and reuse that.",JavaScript,SATD
https://github.com/taskcluster/taskcluster/blob/598ab62cc3a993e3c68bbffe9d3ce6e66f1a4874/services/queue/src/api.js#L2620,TODO: add implementation,JavaScript,SATD
https://github.com/taskcluster/taskcluster/blob/207d4092db5fcead3180ab75dd0314ffb06fbc3a/internal/mocktc/queueprovider.go#L28,"TODO: currently mocks don't support more than one task run per task - and all assume runId == ""0""",Go,SATD
https://github.com/taskcluster/taskcluster/blob/207d4092db5fcead3180ab75dd0314ffb06fbc3a/tools/d2g/d2gtest/d2g_test.go#L134-L137,"TODO: check if this works as expected (create explicit test cases for this)
 setting defaults and unmarshaling a second time
 because this seems to fix the issue with defaults
 not being applied to slices",Go,SATD
https://github.com/taskcluster/taskcluster/blob/207d4092db5fcead3180ab75dd0314ffb06fbc3a/tools/d2g/d2gtest/d2g_test.go#L258-L260,"Takes json []byte input, unmarshals and then marshals, in order to get a
 canonical representation of json (i.e. formatted with objects ordered).
 Ugly and perhaps inefficient, but effective! :p",Go,SATD
https://github.com/taskcluster/taskcluster/blob/207d4092db5fcead3180ab75dd0314ffb06fbc3a/tools/jsonschema2go/jsonschema.go#L874,TODO: may be better to use https://golang.org/pkg/net/http/#NewFileTransport here??,Go,SATD
https://github.com/taskcluster/taskcluster/blob/207d4092db5fcead3180ab75dd0314ffb06fbc3a/tools/livelog/main.go#L126-L127,"TODO: Allow the input stream to configure headers rather then assume
 intentions...",Go,SATD
https://github.com/taskcluster/taskcluster/blob/207d4092db5fcead3180ab75dd0314ffb06fbc3a/tools/livelog/main.go#L163-L172,"TODO: Right now this is a collection of hacks until we build out something
 nice which can handle multiple log connections. Right now the intent is to
 use this as a process per task (which has overhead) but should be fairly
 clean (memory wise) in the long run as we will terminate the process
 frequently per task run.
 portAddressOrExit is a helper function to translate a port number in an
 envronment variable into a valid address string which can be used when
 starting web service. This helper function will cause the go program to
 exit if an invalid value is specified in the environment variable.",Go,SATD
https://github.com/taskcluster/taskcluster/blob/207d4092db5fcead3180ab75dd0314ffb06fbc3a/tools/taskcluster-proxy/authorization_test.go#L358-L359,"note that we do not expect to have permissions to create this; 403 is success
 TODO: ^^ not actually true as it doesn't check the body until auth is OK",Go,SATD
https://github.com/taskcluster/taskcluster/blob/207d4092db5fcead3180ab75dd0314ffb06fbc3a/tools/taskcluster-proxy/main.go#L67,Fetch a task by TaskID.  This is broken out to allow testing.,Go,SATD
https://github.com/taskcluster/taskcluster/blob/207d4092db5fcead3180ab75dd0314ffb06fbc3a/tools/websocktunnel/client/client.go#L240,reconnect is used to repair broken connections,Go,SATD
https://github.com/taskcluster/taskcluster/blob/207d4092db5fcead3180ab75dd0314ffb06fbc3a/workers/generic-worker/artifact_feature.go#L255-L263,"File should be resolved as an S3Artifact if file exists as file and is
 readable, otherwise i) if it does not exist as a ""file-missing-on-worker"" ErrorArtifact,
 or ii) if it cannot be read by the task user, as a ""file-not-readable-on-worker"" ErrorArtifact,
 otherwise if it exists as a directory, as an ""invalid-resource-on-worker"" ErrorArtifact.
 A directory should resolve as `nil` if directory exists as directory and is readable,
 otherwise i) if it does not exist or ii) cannot be read, as a ""file-missing-on-worker""
 ErrorArtifact, otherwise if it exists as a file, as
 ""invalid-resource-on-worker"" ErrorArtifact
 TODO: need to also handle ""too-large-file-on-worker""",Go,SATD
https://github.com/taskcluster/taskcluster/blob/207d4092db5fcead3180ab75dd0314ffb06fbc3a/workers/generic-worker/artifacts.go#L163-L173,"Windows syscall logs are sent to stdout, even though the code appears
 to send to stderr through the log package.
 TODO: Figure out why this is the case and remove this hack.
 https://github.com/taskcluster/taskcluster/issues/6677

 We need to get the filepath from the final line of output.

 Example output:
 2023/11/07 19:56:06Z Making system call GetProfilesDirectoryW with args: [C0000C15F0 C00027E980]
 2023/11/07 19:56:06Z   Result: 1 0 The operation completed successfully.
 C:\Windows\SystemTemp\TestPrivilegedFileUpload664016823956663638",Go,SATD
https://github.com/taskcluster/taskcluster/blob/207d4092db5fcead3180ab75dd0314ffb06fbc3a/workers/generic-worker/artifacts/error.go#L24,TODO: process error response,Go,SATD
https://github.com/taskcluster/taskcluster/blob/207d4092db5fcead3180ab75dd0314ffb06fbc3a/workers/generic-worker/d2g_test.go#L1041-L1044,"TODO: create a task that generates a small docker image, with an index,
 and submit it and then modify the task below to pull in that image. The
 artifact should expire quickly, because maybe the task is run against a
 real taskcluster instance, not necessarily a mock.",Go,SATD
https://github.com/taskcluster/taskcluster/blob/207d4092db5fcead3180ab75dd0314ffb06fbc3a/workers/generic-worker/gwconfig/config.go#L120,TODO: we should be using json schema here,Go,SATD
https://github.com/taskcluster/taskcluster/blob/207d4092db5fcead3180ab75dd0314ffb06fbc3a/workers/generic-worker/insecure.go#L155-L156,"TODO: here we should be able to rename when oldpath and newpath are on
 different partitions - for now this will cover 99% of cases.",Go,SATD
https://github.com/taskcluster/taskcluster/blob/207d4092db5fcead3180ab75dd0314ffb06fbc3a/workers/generic-worker/livelog/livelog.go#L142-L147,"We need to wait until PUT port is opened which is some time after the
 livelog process has started...
 Note we can't wait for GET port to be active before returning since
 livelog will only serve from that port once some content is sent - so no
 good to execute httputil.WaitForLocalTCPListener(l.getPort) here...  We
 would need to fix this in livelog codebase not here...",Go,SATD
https://github.com/taskcluster/taskcluster/blob/207d4092db5fcead3180ab75dd0314ffb06fbc3a/workers/generic-worker/livelog/livelog_test.go#L24-L29,"Do defer before checking err since err could be a different error and
 process may have already started up.

 TODO: Think about if there is a better way to handle this, e.g. with a
 callback function or the method itself killing the process if there is
 an error after process is started up, etc.",Go,SATD
https://github.com/taskcluster/taskcluster/blob/207d4092db5fcead3180ab75dd0314ffb06fbc3a/workers/generic-worker/main.go#L50,a horrible simple hack for testing reclaims,Go,SATD
https://github.com/taskcluster/taskcluster/blob/207d4092db5fcead3180ab75dd0314ffb06fbc3a/workers/generic-worker/main.go#L237-L240,"first assign defaults
 TODO: would be better to have a json schema, and also define defaults in
 only one place if possible (defaults also declared in `usage`)",Go,SATD
https://github.com/taskcluster/taskcluster/blob/207d4092db5fcead3180ab75dd0314ffb06fbc3a/workers/generic-worker/mounts_test.go#L152-L161,"TODO: maybe want to create a test where an error artifact is uploaded but
 task is resolved as successful, and then have artifact content that mounts
 the error artifact. This would be a bizarre test case though as it would be
 unusual for a task to resolve successfully if it contains error artifacts -
 although there is nothing stopping a task from publishing error artifacts
 and then resolving successfully - so it could be an attack vector for a
 malicious task.
 TestNonExistentArtifact depends on an artifact that does not exist from a
 task that *does* exist.",Go,SATD
https://github.com/taskcluster/taskcluster/blob/207d4092db5fcead3180ab75dd0314ffb06fbc3a/workers/generic-worker/multiuser_posix.go#L114-L115,"TODO: here we should be able to rename when oldpath and newpath are on
 different partitions - for now this will cover 99% of cases.",Go,SATD
https://github.com/taskcluster/taskcluster/blob/207d4092db5fcead3180ab75dd0314ffb06fbc3a/workers/generic-worker/os_groups_multiuser_freebsd.go#L10,"TODO copied from Linux version, need to find out what to do for FreeBSD",Go,SATD
https://github.com/taskcluster/taskcluster/blob/207d4092db5fcead3180ab75dd0314ffb06fbc3a/workers/generic-worker/os_groups_multiuser_test.go#L53,"TODO: copied from Linux, probably needs changing",Go,SATD
https://github.com/taskcluster/taskcluster/blob/207d4092db5fcead3180ab75dd0314ffb06fbc3a/workers/generic-worker/process/multiuser_windows.go#L150-L151,"This is the SID of ""Everyone"" group
 TODO: we should probably change this to the logon SID of the user",Go,SATD
https://github.com/taskcluster/taskcluster/blob/207d4092db5fcead3180ab75dd0314ffb06fbc3a/workers/generic-worker/taskstatus.go#L230,TODO: implement cancelling of tasks,Go,SATD
https://github.com/taskcluster/taskcluster/blob/4c78297d2218f5500bd332a74456d5be8854ece5/tools/d2g/d2gtest/d2g_test.go#L134-L137,"TODO: check if this works as expected (create explicit test cases for this)
 setting defaults and unmarshaling a second time
 because this seems to fix the issue with defaults
 not being applied to slices",Go,SATD
https://github.com/taskcluster/taskcluster/blob/4c78297d2218f5500bd332a74456d5be8854ece5/tools/d2g/d2gtest/d2g_test.go#L258-L260,"Takes json []byte input, unmarshals and then marshals, in order to get a
 canonical representation of json (i.e. formatted with objects ordered).
 Ugly and perhaps inefficient, but effective! :p",Go,SATD
https://github.com/virtualcell/vcell/blob/7b30e0625fdebb65d0b75a06b8c5bc343344ad0f/vcell-client/src/main/java/cbit/vcell/client/data/PDEExportDataPanel.java#L1047-L1048,"TODO Auto-generated method stub
					System.out.println(value.getClass().getName()+""   ""+value);",Java,SATD
https://github.com/virtualcell/vcell/blob/7b30e0625fdebb65d0b75a06b8c5bc343344ad0f/vcell-client/src/main/java/cbit/vcell/client/data/PDEExportDataPanel.java#L1957,"if typedTime is crap, put back old value",Java,SATD
https://github.com/virtualcell/vcell/blob/18ed4046c369d8364d3aca84951a9c0c169059c7/vcell-core/src/main/java/org/vcell/sbml/vcell/SBMLSymbolMapping.java#L353-L356,"for RUNTIME context, favor initial assignment rule over initial assignment rule
 TODO JCS generalize this logic for all INITIAL/RUNTIME lookups",Java,SATD
https://github.com/workadventure/workadventure/blob/9634c87c5bfbe9eb11b662224a628d00616ed824/.github/workflows/build-test-and-deploy.yml#L23,# FIXME: Final build should only build on master or tags,YAML,SATD
https://github.com/workadventure/workadventure/blob/7d8b121f27afccd6b34e9bbcfc0a99ee1f823c37/.github/workflows/build-test-and-deploy.yml#L23,# FIXME: Final build should only build on master or tags,YAML,SATD
https://github.com/workadventure/workadventure/blob/aa8365382e66d2b238a934cf74312979fc15954a/.github/workflows/build-test-and-deploy.yml#L23,# FIXME: Final build should only build on master or tags,YAML,SATD
https://github.com/workadventure/workadventure/blob/2ce96b1dc5e0ec1a9348be6e670c42e67f18f88c/.github/workflows/build-test-and-deploy.yml#L23,# FIXME: Final build should only build on master or tags,YAML,SATD
https://github.com/workadventure/workadventure/blob/0a647325221142c7023eb75ee37d55794802bd97/.github/workflows/build-test-and-deploy.yml#L23,# FIXME: Final build should only build on master or tags,YAML,SATD
